"","id","date","yearday","serialday"
"1",2139,2017-04-30,119,42855
"2",1427,2017-04-29,118,42854
"3",2,2017-04-23,112,42848
"4",1215,2017-04-23,112,42848
"5",2125,2017-04-23,112,42848
"6",2130,2017-04-23,112,42848
"7",2131,2017-04-23,112,42848
"8",2132,2017-04-23,112,42848
"9",2133,2017-04-23,112,42848
"10",2134,2017-04-23,112,42848
"11",4,2017-04-22,111,42847
"12",924,2017-04-22,111,42847
"13",1229,2017-04-22,111,42847
"14",1847,2017-04-22,111,42847
"15",2125,2017-04-22,111,42847
"16",2126,2017-04-22,111,42847
"17",2128,2017-04-22,111,42847
"18",2129,2017-04-22,111,42847
"19",2,2017-04-21,110,42846
"20",1842,2017-04-21,110,42846
"21",2123,2017-04-21,110,42846
"22",2124,2017-04-21,110,42846
"23",2125,2017-04-21,110,42846
"24",1847,2017-04-20,109,42845
"25",1918,2017-04-17,106,42842
"26",2122,2017-04-17,106,42842
"27",174,2017-04-16,105,42841
"28",924,2017-04-16,105,42841
"29",2116,2017-04-16,105,42841
"30",2117,2017-04-16,105,42841
"31",2119,2017-04-16,105,42841
"32",2120,2017-04-16,105,42841
"33",144,2017-04-09,98,42834
"34",144,2017-04-09,98,42834
"35",652,2017-04-09,98,42834
"36",1077,2017-04-09,98,42834
"37",2114,2017-04-09,98,42834
"38",2136,2017-04-09,98,42834
"39",2138,2017-04-09,98,42834
"40",1800,2017-04-08,97,42833
"41",2110,2017-04-08,97,42833
"42",2112,2017-04-08,97,42833
"43",2108,2017-04-06,95,42831
"44",2109,2017-04-06,95,42831
"45",257,2017-04-04,93,42829
"46",1394,2017-04-04,93,42829
"47",1759,2017-04-04,93,42829
"48",2105,2017-04-04,93,42829
"49",2106,2017-04-04,93,42829
"50",2107,2017-04-04,93,42829
"51",1341,2017-03-31,89,42825
"52",2098,2017-03-31,89,42825
"53",2099,2017-03-31,89,42825
"54",2104,2017-03-31,89,42825
"55",2092,2017-03-29,87,42823
"56",2093,2017-03-29,87,42823
"57",2094,2017-03-29,87,42823
"58",2095,2017-03-29,87,42823
"59",2088,2017-03-28,86,42822
"60",2089,2017-03-28,86,42822
"61",2090,2017-03-28,86,42822
"62",6,2017-03-26,84,42820
"63",364,2017-03-26,84,42820
"64",885,2017-03-26,84,42820
"65",1841,2017-03-26,84,42820
"66",2071,2017-03-26,84,42820
"67",2072,2017-03-26,84,42820
"68",2073,2017-03-26,84,42820
"69",2074,2017-03-26,84,42820
"70",2075,2017-03-26,84,42820
"71",2076,2017-03-26,84,42820
"72",2077,2017-03-26,84,42820
"73",2078,2017-03-26,84,42820
"74",2079,2017-03-26,84,42820
"75",2080,2017-03-26,84,42820
"76",2082,2017-03-26,84,42820
"77",2083,2017-03-26,84,42820
"78",2084,2017-03-26,84,42820
"79",2085,2017-03-26,84,42820
"80",2086,2017-03-26,84,42820
"81",2087,2017-03-26,84,42820
"82",2102,2017-03-26,84,42820
"83",2103,2017-03-26,84,42820
"84",2115,2017-03-26,84,42820
"85",141,2017-03-25,83,42819
"86",359,2017-03-25,83,42819
"87",655,2017-03-25,83,42819
"88",1785,2017-03-25,83,42819
"89",1841,2017-03-25,83,42819
"90",2062,2017-03-25,83,42819
"91",2063,2017-03-25,83,42819
"92",2064,2017-03-25,83,42819
"93",2065,2017-03-25,83,42819
"94",2066,2017-03-25,83,42819
"95",2067,2017-03-25,83,42819
"96",2068,2017-03-25,83,42819
"97",2069,2017-03-25,83,42819
"98",2070,2017-03-25,83,42819
"99",2071,2017-03-25,83,42819
"100",2096,2017-03-25,83,42819
"101",2097,2017-03-25,83,42819
"102",2100,2017-03-25,83,42819
"103",2101,2017-03-25,83,42819
"104",2140,2017-03-25,83,42819
"105",2141,2017-03-25,83,42819
"106",352,2017-03-18,76,42812
"107",735,2017-03-18,76,42812
"108",758,2017-03-18,76,42812
"109",2046,2017-03-18,76,42812
"110",2047,2017-03-18,76,42812
"111",2048,2017-03-18,76,42812
"112",2049,2017-03-18,76,42812
"113",2050,2017-03-18,76,42812
"114",2051,2017-03-18,76,42812
"115",2052,2017-03-18,76,42812
"116",2053,2017-03-18,76,42812
"117",2054,2017-03-18,76,42812
"118",2056,2017-03-18,76,42812
"119",2057,2017-03-18,76,42812
"120",2058,2017-03-18,76,42812
"121",2059,2017-03-18,76,42812
"122",2061,2017-03-18,76,42812
"123",2091,2017-03-18,76,42812
"124",2013,2017-03-13,71,42807
"125",2014,2017-03-13,71,42807
"126",2026,2017-03-13,71,42807
"127",2027,2017-03-13,71,42807
"128",2028,2017-03-13,71,42807
"129",2029,2017-03-13,71,42807
"130",2030,2017-03-13,71,42807
"131",2031,2017-03-13,71,42807
"132",2032,2017-03-13,71,42807
"133",2033,2017-03-13,71,42807
"134",2034,2017-03-13,71,42807
"135",2035,2017-03-13,71,42807
"136",2036,2017-03-13,71,42807
"137",2037,2017-03-13,71,42807
"138",2038,2017-03-13,71,42807
"139",2039,2017-03-13,71,42807
"140",2045,2017-03-13,71,42807
"141",514,2017-03-12,70,42806
"142",2020,2017-03-12,70,42806
"143",2023,2017-03-12,70,42806
"144",2022,2017-03-11,69,42805
"145",489,2017-03-08,66,42802
"146",843,2017-03-08,66,42802
"147",1197,2017-03-08,66,42802
"148",2015,2017-03-08,66,42802
"149",2016,2017-03-08,66,42802
"150",2017,2017-03-08,66,42802
"151",2018,2017-03-08,66,42802
"152",2019,2017-03-08,66,42802
"153",2011,2017-02-23,53,42789
"154",2012,2017-02-23,53,42789
"155",2013,2017-02-23,53,42789
"156",2014,2017-02-23,53,42789
"157",2009,2017-02-20,50,42786
"158",2010,2017-02-20,50,42786
"159",1549,2017-01-17,16,42752
"160",2006,2017-01-17,16,42752
"161",2007,2017-01-17,16,42752
"162",2008,2017-01-17,16,42752
"163",2002,2017-01-15,14,42750
"164",2003,2017-01-15,14,42750
"165",2004,2017-01-15,14,42750
"166",531,2017-01-14,13,42749
"167",2000,2017-01-14,13,42749
"168",728,2016-08-16,227,42963
"169",852,2016-08-14,225,42961
"170",1949,2016-05-10,129,42865
"171",1229,2016-05-09,128,42864
"172",1182,2016-05-03,122,42858
"173",1929,2016-05-03,122,42858
"174",4,2016-05-02,121,42857
"175",651,2016-05-02,121,42857
"176",1182,2016-05-02,121,42857
"177",1229,2016-05-02,121,42857
"178",1945,2016-05-02,121,42857
"179",651,2016-04-30,119,42855
"180",1928,2016-04-30,119,42855
"181",1982,2016-04-30,119,42855
"182",651,2016-04-29,118,42854
"183",910,2016-04-29,118,42854
"184",1929,2016-04-29,118,42854
"185",1939,2016-04-29,118,42854
"186",4,2016-04-27,116,42852
"187",639,2016-04-27,116,42852
"188",651,2016-04-27,116,42852
"189",1182,2016-04-27,116,42852
"190",1926,2016-04-27,116,42852
"191",1928,2016-04-27,116,42852
"192",1929,2016-04-27,116,42852
"193",1930,2016-04-27,116,42852
"194",1932,2016-04-27,116,42852
"195",441,2016-04-23,112,42848
"196",1925,2016-04-23,112,42848
"197",1486,2016-04-22,111,42847
"198",1921,2016-04-22,111,42847
"199",1922,2016-04-22,111,42847
"200",1923,2016-04-22,111,42847
"201",1925,2016-04-22,111,42847
"202",1181,2016-04-19,108,42844
"203",1918,2016-04-17,106,42842
"204",144,2016-04-14,103,42839
"205",180,2016-04-14,103,42839
"206",366,2016-04-14,103,42839
"207",415,2016-04-14,103,42839
"208",421,2016-04-14,103,42839
"209",589,2016-04-14,103,42839
"210",1613,2016-04-14,103,42839
"211",1890,2016-04-14,103,42839
"212",1892,2016-04-14,103,42839
"213",1895,2016-04-14,103,42839
"214",1897,2016-04-14,103,42839
"215",1908,2016-04-14,103,42839
"216",1909,2016-04-14,103,42839
"217",1915,2016-04-14,103,42839
"218",1917,2016-04-14,103,42839
"219",1918,2016-04-14,103,42839
"220",1919,2016-04-14,103,42839
"221",144,2016-04-13,102,42838
"222",421,2016-04-13,102,42838
"223",1885,2016-04-05,94,42830
"224",1886,2016-04-05,94,42830
"225",371,2016-04-04,93,42829
"226",402,2016-04-04,93,42829
"227",1881,2016-04-04,93,42829
"228",1882,2016-04-04,93,42829
"229",1884,2016-04-04,93,42829
"230",1532,2016-03-27,85,42821
"231",1873,2016-03-27,85,42821
"232",1874,2016-03-27,85,42821
"233",1875,2016-03-27,85,42821
"234",1876,2016-03-27,85,42821
"235",1878,2016-03-27,85,42821
"236",359,2016-03-24,82,42818
"237",1859,2016-03-24,82,42818
"238",1860,2016-03-24,82,42818
"239",1861,2016-03-24,82,42818
"240",1863,2016-03-24,82,42818
"241",1865,2016-03-24,82,42818
"242",1868,2016-03-24,82,42818
"243",1869,2016-03-24,82,42818
"244",1870,2016-03-24,82,42818
"245",1871,2016-03-24,82,42818
"246",1872,2016-03-24,82,42818
"247",1030,2016-03-23,81,42817
"248",1181,2016-03-23,81,42817
"249",1845,2016-03-23,81,42817
"250",1847,2016-03-23,81,42817
"251",1849,2016-03-23,81,42817
"252",1853,2016-03-23,81,42817
"253",1854,2016-03-23,81,42817
"254",1857,2016-03-23,81,42817
"255",1862,2016-03-23,81,42817
"256",1868,2016-03-23,81,42817
"257",1839,2016-03-19,77,42813
"258",1840,2016-03-19,77,42813
"259",1841,2016-03-19,77,42813
"260",1842,2016-03-19,77,42813
"261",1843,2016-03-19,77,42813
"262",1844,2016-03-19,77,42813
"263",1832,2016-03-16,74,42810
"264",1829,2016-03-14,72,42808
"265",1832,2016-03-14,72,42808
"266",1833,2016-03-14,72,42808
"267",1834,2016-03-14,72,42808
"268",1836,2016-03-14,72,42808
"269",1837,2016-03-14,72,42808
"270",1838,2016-03-14,72,42808
"271",1950,2016-03-14,72,42808
"272",6,2016-03-13,71,42807
"273",144,2016-03-13,71,42807
"274",1815,2016-03-13,71,42807
"275",1822,2016-03-13,71,42807
"276",1823,2016-03-13,71,42807
"277",1824,2016-03-13,71,42807
"278",1825,2016-03-13,71,42807
"279",1831,2016-03-13,71,42807
"280",1834,2016-03-13,71,42807
"281",6,2016-03-12,70,42806
"282",1815,2016-03-12,70,42806
"283",1816,2016-03-12,70,42806
"284",142,2016-03-10,68,42804
"285",1300,2016-03-10,68,42804
"286",1812,2016-03-10,68,42804
"287",1814,2016-03-10,68,42804
"288",1815,2016-03-10,68,42804
"289",1826,2016-03-10,68,42804
"290",2016,2016-03-08,66,42802
"291",1809,2016-02-29,59,42795
"292",1810,2016-02-29,59,42795
"293",1811,2016-02-29,59,42795
"294",665,2016-02-23,53,42789
"295",1808,2016-02-23,53,42789
"296",1807,2016-02-21,51,42787
"297",1805,2016-02-02,32,42768
"298",1806,2016-02-02,32,42768
"299",1803,2016-01-26,25,42761
"300",1866,2016-01-24,23,42759
"301",1802,2016-01-16,15,42751
"302",1802,2016-01-15,14,42750
"303",1801,2016-01-12,11,42747
"304",1667,2015-12-29,362,43098
"305",1800,2015-12-29,362,43098
"306",1432,2015-05-06,125,42861
"307",1233,2015-05-01,120,42856
"308",57,2015-04-23,112,42848
"309",1229,2015-04-23,112,42848
"310",1230,2015-04-23,112,42848
"311",1793,2015-04-23,112,42848
"312",1795,2015-04-23,112,42848
"313",52,2015-04-22,111,42847
"314",1229,2015-04-22,111,42847
"315",1791,2015-04-22,111,42847
"316",1787,2015-04-19,108,42844
"317",1788,2015-04-19,108,42844
"318",1789,2015-04-19,108,42844
"319",889,2015-04-15,104,42840
"320",1185,2015-04-15,104,42840
"321",1394,2015-04-12,101,42837
"322",223,2015-04-11,100,42836
"323",1181,2015-04-11,100,42836
"324",1689,2015-04-11,100,42836
"325",1785,2015-04-11,100,42836
"326",239,2015-04-10,99,42835
"327",415,2015-04-10,99,42835
"328",890,2015-04-10,99,42835
"329",1137,2015-04-10,99,42835
"330",1375,2015-04-10,99,42835
"331",1394,2015-04-10,99,42835
"332",1419,2015-04-10,99,42835
"333",1479,2015-04-10,99,42835
"334",1673,2015-04-10,99,42835
"335",1740,2015-04-10,99,42835
"336",1745,2015-04-10,99,42835
"337",1747,2015-04-10,99,42835
"338",1753,2015-04-10,99,42835
"339",1757,2015-04-10,99,42835
"340",1759,2015-04-10,99,42835
"341",1763,2015-04-10,99,42835
"342",1765,2015-04-10,99,42835
"343",1766,2015-04-10,99,42835
"344",1773,2015-04-10,99,42835
"345",191,2015-04-09,98,42834
"346",239,2015-04-09,98,42834
"347",863,2015-04-09,98,42834
"348",1671,2015-04-09,98,42834
"349",1673,2015-04-09,98,42834
"350",1679,2015-04-09,98,42834
"351",1693,2015-04-09,98,42834
"352",1696,2015-04-09,98,42834
"353",1697,2015-04-09,98,42834
"354",1698,2015-04-09,98,42834
"355",1699,2015-04-09,98,42834
"356",1703,2015-04-09,98,42834
"357",1709,2015-04-09,98,42834
"358",1711,2015-04-09,98,42834
"359",1712,2015-04-09,98,42834
"360",1718,2015-04-09,98,42834
"361",1719,2015-04-09,98,42834
"362",1721,2015-04-09,98,42834
"363",1726,2015-04-09,98,42834
"364",1733,2015-04-09,98,42834
"365",1736,2015-04-09,98,42834
"366",1739,2015-04-09,98,42834
"367",1741,2015-04-09,98,42834
"368",1746,2015-04-09,98,42834
"369",189,2015-04-08,97,42833
"370",226,2015-04-08,97,42833
"371",239,2015-04-08,97,42833
"372",301,2015-04-08,97,42833
"373",877,2015-04-08,97,42833
"374",1165,2015-04-08,97,42833
"375",1350,2015-04-08,97,42833
"376",1662,2015-04-08,97,42833
"377",1666,2015-04-08,97,42833
"378",1667,2015-04-08,97,42833
"379",1671,2015-04-08,97,42833
"380",1672,2015-04-08,97,42833
"381",1674,2015-04-08,97,42833
"382",1677,2015-04-08,97,42833
"383",1678,2015-04-08,97,42833
"384",1679,2015-04-08,97,42833
"385",1681,2015-04-08,97,42833
"386",1682,2015-04-08,97,42833
"387",1683,2015-04-08,97,42833
"388",1684,2015-04-08,97,42833
"389",1686,2015-04-08,97,42833
"390",1689,2015-04-08,97,42833
"391",1690,2015-04-08,97,42833
"392",1780,2015-04-08,97,42833
"393",1781,2015-04-08,97,42833
"394",1782,2015-04-08,97,42833
"395",1783,2015-04-08,97,42833
"396",1784,2015-04-08,97,42833
"397",1639,2015-04-07,96,42832
"398",1640,2015-04-07,96,42832
"399",162,2015-04-03,92,42828
"400",570,2015-04-03,92,42828
"401",1094,2015-04-03,92,42828
"402",1607,2015-04-03,92,42828
"403",1608,2015-04-03,92,42828
"404",1609,2015-04-03,92,42828
"405",1610,2015-04-03,92,42828
"406",1611,2015-04-03,92,42828
"407",1612,2015-04-03,92,42828
"408",1613,2015-04-03,92,42828
"409",1614,2015-04-03,92,42828
"410",1616,2015-04-03,92,42828
"411",1618,2015-04-03,92,42828
"412",1625,2015-04-03,92,42828
"413",1626,2015-04-03,92,42828
"414",1627,2015-04-03,92,42828
"415",1629,2015-04-03,92,42828
"416",1630,2015-04-03,92,42828
"417",1631,2015-04-03,92,42828
"418",1632,2015-04-03,92,42828
"419",1633,2015-04-03,92,42828
"420",1634,2015-04-03,92,42828
"421",1635,2015-04-03,92,42828
"422",1636,2015-04-03,92,42828
"423",1637,2015-04-03,92,42828
"424",1786,2015-04-03,92,42828
"425",1638,2015-04-02,91,42827
"426",1591,2015-03-26,84,42820
"427",1592,2015-03-26,84,42820
"428",1593,2015-03-26,84,42820
"429",1594,2015-03-26,84,42820
"430",1595,2015-03-26,84,42820
"431",1596,2015-03-26,84,42820
"432",1597,2015-03-26,84,42820
"433",1598,2015-03-26,84,42820
"434",1599,2015-03-26,84,42820
"435",1600,2015-03-26,84,42820
"436",615,2015-03-23,81,42817
"437",843,2015-03-23,81,42817
"438",889,2015-03-23,81,42817
"439",899,2015-03-23,81,42817
"440",1569,2015-03-23,81,42817
"441",1570,2015-03-23,81,42817
"442",1576,2015-03-23,81,42817
"443",1579,2015-03-23,81,42817
"444",1580,2015-03-23,81,42817
"445",1581,2015-03-23,81,42817
"446",1582,2015-03-23,81,42817
"447",1583,2015-03-23,81,42817
"448",1585,2015-03-23,81,42817
"449",1588,2015-03-23,81,42817
"450",1590,2015-03-23,81,42817
"451",1604,2015-03-23,81,42817
"452",1606,2015-03-23,81,42817
"453",448,2015-03-22,80,42816
"454",1327,2015-03-22,80,42816
"455",1451,2015-03-22,80,42816
"456",1560,2015-03-22,80,42816
"457",1561,2015-03-22,80,42816
"458",1562,2015-03-22,80,42816
"459",1563,2015-03-22,80,42816
"460",1564,2015-03-22,80,42816
"461",1565,2015-03-22,80,42816
"462",1567,2015-03-22,80,42816
"463",1568,2015-03-22,80,42816
"464",1569,2015-03-22,80,42816
"465",1570,2015-03-22,80,42816
"466",1571,2015-03-22,80,42816
"467",1572,2015-03-22,80,42816
"468",148,2015-03-20,78,42814
"469",397,2015-03-20,78,42814
"470",506,2015-03-20,78,42814
"471",1441,2015-03-20,78,42814
"472",1520,2015-03-20,78,42814
"473",1521,2015-03-20,78,42814
"474",1522,2015-03-20,78,42814
"475",1523,2015-03-20,78,42814
"476",1524,2015-03-20,78,42814
"477",1526,2015-03-20,78,42814
"478",1528,2015-03-20,78,42814
"479",1529,2015-03-20,78,42814
"480",1532,2015-03-20,78,42814
"481",1536,2015-03-20,78,42814
"482",1537,2015-03-20,78,42814
"483",1539,2015-03-20,78,42814
"484",1540,2015-03-20,78,42814
"485",1546,2015-03-20,78,42814
"486",1549,2015-03-20,78,42814
"487",1550,2015-03-20,78,42814
"488",1552,2015-03-20,78,42814
"489",1553,2015-03-20,78,42814
"490",1554,2015-03-20,78,42814
"491",1511,2015-03-19,77,42813
"492",1512,2015-03-19,77,42813
"493",1502,2015-03-14,72,42808
"494",1503,2015-03-14,72,42808
"495",142,2015-03-12,70,42806
"496",142,2015-03-11,69,42805
"497",1504,2015-03-11,69,42805
"498",145,2015-03-10,68,42804
"499",336,2015-03-10,68,42804
"500",736,2015-03-10,68,42804
"501",1475,2015-03-10,68,42804
"502",1477,2015-03-10,68,42804
"503",1478,2015-03-10,68,42804
"504",1486,2015-03-10,68,42804
"505",1489,2015-03-10,68,42804
"506",1490,2015-03-10,68,42804
"507",1491,2015-03-10,68,42804
"508",1492,2015-03-10,68,42804
"509",1494,2015-03-10,68,42804
"510",1495,2015-03-10,68,42804
"511",1497,2015-03-10,68,42804
"512",1498,2015-03-10,68,42804
"513",1501,2015-03-10,68,42804
"514",1601,2015-03-10,68,42804
"515",1602,2015-03-10,68,42804
"516",1603,2015-03-10,68,42804
"517",336,2015-03-09,67,42803
"518",530,2015-03-09,67,42803
"519",1475,2015-03-09,67,42803
"520",1480,2015-03-09,67,42803
"521",1481,2015-03-09,67,42803
"522",1482,2015-03-09,67,42803
"523",1483,2015-03-09,67,42803
"524",1486,2015-03-09,67,42803
"525",1488,2015-03-09,67,42803
"526",1505,2015-03-09,67,42803
"527",1506,2015-03-09,67,42803
"528",1513,2015-03-09,67,42803
"529",1475,2015-03-08,66,42802
"530",1479,2015-03-08,66,42802
"531",1509,2015-03-08,66,42802
"532",1510,2015-03-08,66,42802
"533",1470,2015-03-02,60,42796
"534",1471,2015-03-02,60,42796
"535",1472,2015-03-02,60,42796
"536",1473,2015-03-02,60,42796
"537",1474,2015-03-02,60,42796
"538",1469,2015-02-28,58,42794
"539",1467,2015-02-23,53,42789
"540",1468,2015-02-23,53,42789
"541",1464,2015-02-22,52,42788
"542",1465,2015-02-22,52,42788
"543",1466,2015-02-22,52,42788
"544",1463,2015-02-09,39,42775
"545",1460,2015-02-08,38,42774
"546",1461,2015-02-08,38,42774
"547",1462,2015-02-08,38,42774
"548",1457,2015-01-30,29,42765
"549",1458,2015-01-30,29,42765
"550",1459,2015-01-30,29,42765
"551",1451,2015-01-21,20,42756
"552",1452,2015-01-21,20,42756
"553",1453,2015-01-21,20,42756
"554",1454,2015-01-21,20,42756
"555",1455,2015-01-21,20,42756
"556",1450,2015-01-02,1,42737
"557",749,2014-05-16,135,42871
"558",1432,2014-05-12,131,42867
"559",1430,2014-05-11,130,42866
"560",863,2014-05-09,128,42864
"561",2,2014-05-08,127,42863
"562",1430,2014-05-08,127,42863
"563",1431,2014-05-08,127,42863
"564",1427,2014-05-01,120,42856
"565",47,2014-04-26,115,42851
"566",308,2014-04-21,110,42846
"567",239,2014-04-19,108,42844
"568",597,2014-04-19,108,42844
"569",653,2014-04-19,108,42844
"570",1228,2014-04-19,108,42844
"571",1419,2014-04-19,108,42844
"572",1420,2014-04-19,108,42844
"573",1421,2014-04-19,108,42844
"574",1422,2014-04-19,108,42844
"575",1423,2014-04-19,108,42844
"576",1425,2014-04-19,108,42844
"577",1156,2014-04-14,103,42839
"578",1407,2014-04-13,102,42838
"579",1408,2014-04-13,102,42838
"580",1409,2014-04-13,102,42838
"581",1410,2014-04-13,102,42838
"582",1412,2014-04-13,102,42838
"583",1413,2014-04-13,102,42838
"584",1415,2014-04-13,102,42838
"585",39,2014-04-12,101,42837
"586",179,2014-04-12,101,42837
"587",371,2014-04-12,101,42837
"588",590,2014-04-12,101,42837
"589",1126,2014-04-12,101,42837
"590",1156,2014-04-12,101,42837
"591",1185,2014-04-12,101,42837
"592",1196,2014-04-12,101,42837
"593",1370,2014-04-12,101,42837
"594",1371,2014-04-12,101,42837
"595",1372,2014-04-12,101,42837
"596",1374,2014-04-12,101,42837
"597",1375,2014-04-12,101,42837
"598",1377,2014-04-12,101,42837
"599",1379,2014-04-12,101,42837
"600",1382,2014-04-12,101,42837
"601",1386,2014-04-12,101,42837
"602",1393,2014-04-12,101,42837
"603",1394,2014-04-12,101,42837
"604",1398,2014-04-12,101,42837
"605",1404,2014-04-12,101,42837
"606",1406,2014-04-12,101,42837
"607",1414,2014-04-12,101,42837
"608",1417,2014-04-12,101,42837
"609",1442,2014-04-12,101,42837
"610",380,2014-04-11,100,42836
"611",450,2014-04-11,100,42836
"612",590,2014-04-11,100,42836
"613",1197,2014-04-11,100,42836
"614",1363,2014-04-11,100,42836
"615",1367,2014-04-11,100,42836
"616",1375,2014-04-11,100,42836
"617",1226,2014-04-08,97,42833
"618",234,2014-04-07,96,42832
"619",364,2014-04-07,96,42832
"620",1130,2014-04-07,96,42832
"621",1226,2014-04-07,96,42832
"622",1352,2014-04-07,96,42832
"623",1354,2014-04-07,96,42832
"624",1356,2014-04-07,96,42832
"625",1358,2014-04-07,96,42832
"626",1360,2014-04-07,96,42832
"627",1361,2014-04-07,96,42832
"628",1393,2014-04-07,96,42832
"629",1438,2014-04-07,96,42832
"630",1439,2014-04-07,96,42832
"631",1440,2014-04-07,96,42832
"632",1349,2014-04-05,94,42830
"633",1350,2014-04-05,94,42830
"634",1351,2014-04-05,94,42830
"635",179,2014-04-02,91,42827
"636",1426,2014-03-23,81,42817
"637",1428,2014-03-23,81,42817
"638",1429,2014-03-23,81,42817
"639",1337,2014-03-22,80,42816
"640",1342,2014-03-22,80,42816
"641",1343,2014-03-22,80,42816
"642",1344,2014-03-22,80,42816
"643",1345,2014-03-22,80,42816
"644",1346,2014-03-22,80,42816
"645",1347,2014-03-22,80,42816
"646",1348,2014-03-22,80,42816
"647",346,2014-03-20,78,42814
"648",1336,2014-03-20,78,42814
"649",1337,2014-03-20,78,42814
"650",1338,2014-03-20,78,42814
"651",1340,2014-03-20,78,42814
"652",1341,2014-03-20,78,42814
"653",336,2014-03-16,74,42810
"654",749,2014-03-16,74,42810
"655",767,2014-03-16,74,42810
"656",1318,2014-03-16,74,42810
"657",1322,2014-03-16,74,42810
"658",1324,2014-03-16,74,42810
"659",1325,2014-03-16,74,42810
"660",1326,2014-03-16,74,42810
"661",1327,2014-03-16,74,42810
"662",1328,2014-03-16,74,42810
"663",1329,2014-03-16,74,42810
"664",1334,2014-03-16,74,42810
"665",1335,2014-03-16,74,42810
"666",1312,2014-03-15,73,42809
"667",1314,2014-03-15,73,42809
"668",1316,2014-03-15,73,42809
"669",1317,2014-03-15,73,42809
"670",1318,2014-03-15,73,42809
"671",1319,2014-03-15,73,42809
"672",1320,2014-03-15,73,42809
"673",1327,2014-03-15,73,42809
"674",1332,2014-03-15,73,42809
"675",1309,2014-03-05,63,42799
"676",1310,2014-03-05,63,42799
"677",1311,2014-03-05,63,42799
"678",1307,2014-02-18,48,42784
"679",1308,2014-02-18,48,42784
"680",1306,2014-02-08,38,42774
"681",1305,2014-02-04,34,42770
"682",1300,2014-02-01,31,42767
"683",1301,2014-02-01,31,42767
"684",1302,2014-02-01,31,42767
"685",1303,2014-02-01,31,42767
"686",1304,2014-02-01,31,42767
"687",1300,2014-01-25,24,42760
"688",1300,2014-01-23,22,42758
"689",1300,2014-01-20,19,42755
"690",47,2013-05-05,124,42860
"691",305,2013-05-05,124,42860
"692",1234,2013-05-05,124,42860
"693",1235,2013-05-05,124,42860
"694",1236,2013-05-05,124,42860
"695",1237,2013-05-05,124,42860
"696",1238,2013-05-05,124,42860
"697",47,2013-05-04,123,42859
"698",305,2013-05-04,123,42859
"699",286,2013-05-01,120,42856
"700",1228,2013-05-01,120,42856
"701",174,2013-04-30,119,42855
"702",239,2013-04-30,119,42855
"703",286,2013-04-30,119,42855
"704",305,2013-04-30,119,42855
"705",1231,2013-04-30,119,42855
"706",1232,2013-04-30,119,42855
"707",47,2013-04-27,116,42852
"708",1228,2013-04-27,116,42852
"709",1229,2013-04-27,116,42852
"710",1230,2013-04-27,116,42852
"711",286,2013-04-25,114,42850
"712",290,2013-04-22,111,42847
"713",299,2013-04-22,111,42847
"714",1226,2013-04-22,111,42847
"715",2,2013-04-21,110,42846
"716",290,2013-04-21,110,42846
"717",299,2013-04-21,110,42846
"718",308,2013-04-21,110,42846
"719",378,2013-04-21,110,42846
"720",417,2013-04-21,110,42846
"721",651,2013-04-21,110,42846
"722",896,2013-04-21,110,42846
"723",952,2013-04-21,110,42846
"724",1173,2013-04-21,110,42846
"725",1188,2013-04-21,110,42846
"726",1193,2013-04-21,110,42846
"727",1199,2013-04-21,110,42846
"728",1202,2013-04-21,110,42846
"729",1203,2013-04-21,110,42846
"730",1204,2013-04-21,110,42846
"731",1211,2013-04-21,110,42846
"732",1213,2013-04-21,110,42846
"733",1214,2013-04-21,110,42846
"734",1215,2013-04-21,110,42846
"735",1227,2013-04-21,110,42846
"736",2,2013-04-20,109,42845
"737",284,2013-04-20,109,42845
"738",1188,2013-04-20,109,42845
"739",1199,2013-04-20,109,42845
"740",1200,2013-04-20,109,42845
"741",2,2013-04-19,108,42844
"742",290,2013-04-19,108,42844
"743",450,2013-04-19,108,42844
"744",651,2013-04-19,108,42844
"745",893,2013-04-19,108,42844
"746",925,2013-04-19,108,42844
"747",1181,2013-04-19,108,42844
"748",1182,2013-04-19,108,42844
"749",1183,2013-04-19,108,42844
"750",1184,2013-04-19,108,42844
"751",1185,2013-04-19,108,42844
"752",1187,2013-04-19,108,42844
"753",1188,2013-04-19,108,42844
"754",1189,2013-04-19,108,42844
"755",1190,2013-04-19,108,42844
"756",1191,2013-04-19,108,42844
"757",1192,2013-04-19,108,42844
"758",1193,2013-04-19,108,42844
"759",1194,2013-04-19,108,42844
"760",1195,2013-04-19,108,42844
"761",1196,2013-04-19,108,42844
"762",1197,2013-04-19,108,42844
"763",1199,2013-04-19,108,42844
"764",8,2013-04-18,107,42843
"765",110,2013-04-18,107,42843
"766",378,2013-04-18,107,42843
"767",925,2013-04-18,107,42843
"768",1173,2013-04-18,107,42843
"769",1176,2013-04-18,107,42843
"770",1177,2013-04-18,107,42843
"771",1178,2013-04-18,107,42843
"772",1180,2013-04-18,107,42843
"773",1181,2013-04-18,107,42843
"774",8,2013-04-15,104,42840
"775",55,2013-04-15,104,42840
"776",224,2013-04-15,104,42840
"777",589,2013-04-15,104,42840
"778",925,2013-04-15,104,42840
"779",1160,2013-04-15,104,42840
"780",1162,2013-04-15,104,42840
"781",1165,2013-04-15,104,42840
"782",1167,2013-04-15,104,42840
"783",1168,2013-04-15,104,42840
"784",1169,2013-04-15,104,42840
"785",590,2013-04-13,102,42838
"786",181,2013-04-12,101,42837
"787",223,2013-04-12,101,42837
"788",1150,2013-04-12,101,42837
"789",1151,2013-04-12,101,42837
"790",1152,2013-04-12,101,42837
"791",1153,2013-04-12,101,42837
"792",1154,2013-04-12,101,42837
"793",1155,2013-04-12,101,42837
"794",1156,2013-04-12,101,42837
"795",1157,2013-04-12,101,42837
"796",1158,2013-04-12,101,42837
"797",1159,2013-04-12,101,42837
"798",219,2013-04-11,100,42836
"799",1123,2013-04-11,100,42836
"800",1131,2013-04-11,100,42836
"801",1132,2013-04-11,100,42836
"802",1137,2013-04-11,100,42836
"803",1139,2013-04-11,100,42836
"804",1140,2013-04-11,100,42836
"805",1146,2013-04-11,100,42836
"806",1148,2013-04-11,100,42836
"807",244,2013-04-10,99,42835
"808",365,2013-04-10,99,42835
"809",655,2013-04-10,99,42835
"810",889,2013-04-10,99,42835
"811",1049,2013-04-10,99,42835
"812",1107,2013-04-10,99,42835
"813",1117,2013-04-10,99,42835
"814",1120,2013-04-10,99,42835
"815",1121,2013-04-10,99,42835
"816",1122,2013-04-10,99,42835
"817",1123,2013-04-10,99,42835
"818",1126,2013-04-10,99,42835
"819",1127,2013-04-10,99,42835
"820",1129,2013-04-10,99,42835
"821",1130,2013-04-10,99,42835
"822",1132,2013-04-10,99,42835
"823",1141,2013-04-10,99,42835
"824",1142,2013-04-10,99,42835
"825",1143,2013-04-10,99,42835
"826",1144,2013-04-10,99,42835
"827",402,2013-04-09,98,42834
"828",856,2013-04-09,98,42834
"829",889,2013-04-09,98,42834
"830",899,2013-04-09,98,42834
"831",1100,2013-04-09,98,42834
"832",1101,2013-04-09,98,42834
"833",1103,2013-04-09,98,42834
"834",1107,2013-04-09,98,42834
"835",1111,2013-04-09,98,42834
"836",1112,2013-04-09,98,42834
"837",1113,2013-04-09,98,42834
"838",1114,2013-04-09,98,42834
"839",1115,2013-04-09,98,42834
"840",1116,2013-04-09,98,42834
"841",367,2013-04-08,97,42833
"842",402,2013-04-08,97,42833
"843",412,2013-04-08,97,42833
"844",820,2013-04-08,97,42833
"845",1084,2013-04-08,97,42833
"846",1089,2013-04-08,97,42833
"847",1090,2013-04-08,97,42833
"848",1092,2013-04-08,97,42833
"849",1093,2013-04-08,97,42833
"850",1094,2013-04-08,97,42833
"851",1099,2013-04-08,97,42833
"852",365,2013-04-07,96,42832
"853",1227,2013-04-07,96,42832
"854",152,2013-04-04,93,42829
"855",564,2013-04-04,93,42829
"856",1084,2013-04-04,93,42829
"857",1085,2013-04-04,93,42829
"858",1086,2013-04-04,93,42829
"859",162,2013-04-03,92,42828
"860",835,2013-04-03,92,42828
"861",1047,2013-04-03,92,42828
"862",1048,2013-04-03,92,42828
"863",1051,2013-04-03,92,42828
"864",1052,2013-04-03,92,42828
"865",1053,2013-04-03,92,42828
"866",1055,2013-04-03,92,42828
"867",1056,2013-04-03,92,42828
"868",1060,2013-04-03,92,42828
"869",1065,2013-04-03,92,42828
"870",1066,2013-04-03,92,42828
"871",1069,2013-04-03,92,42828
"872",1074,2013-04-03,92,42828
"873",1076,2013-04-03,92,42828
"874",1077,2013-04-03,92,42828
"875",1079,2013-04-03,92,42828
"876",1080,2013-04-03,92,42828
"877",1081,2013-04-03,92,42828
"878",1087,2013-04-03,92,42828
"879",220,2013-03-31,89,42825
"880",1039,2013-03-31,89,42825
"881",1042,2013-03-31,89,42825
"882",1043,2013-03-31,89,42825
"883",1044,2013-03-31,89,42825
"884",1045,2013-03-31,89,42825
"885",153,2013-03-24,82,42818
"886",846,2013-03-24,82,42818
"887",1027,2013-03-24,82,42818
"888",1028,2013-03-24,82,42818
"889",1029,2013-03-24,82,42818
"890",1030,2013-03-24,82,42818
"891",1032,2013-03-24,82,42818
"892",1033,2013-03-24,82,42818
"893",1036,2013-03-24,82,42818
"894",1037,2013-03-24,82,42818
"895",41,2013-03-22,80,42816
"896",1434,2013-03-22,80,42816
"897",1435,2013-03-22,80,42816
"898",141,2013-03-19,77,42813
"899",141,2013-03-18,76,42812
"900",1023,2013-03-18,76,42812
"901",1024,2013-03-18,76,42812
"902",1025,2013-03-18,76,42812
"903",1026,2013-03-18,76,42812
"904",1022,2013-03-14,72,42808
"905",104,2013-03-13,71,42807
"906",336,2013-03-13,71,42807
"907",359,2013-03-13,71,42807
"908",736,2013-03-13,71,42807
"909",1012,2013-03-13,71,42807
"910",1015,2013-03-13,71,42807
"911",1016,2013-03-13,71,42807
"912",1017,2013-03-13,71,42807
"913",1018,2013-03-13,71,42807
"914",1039,2013-03-03,61,42797
"915",1010,2013-02-26,56,42792
"916",1011,2013-02-26,56,42792
"917",1006,2013-01-16,15,42751
"918",1007,2013-01-16,15,42751
"919",1008,2013-01-16,15,42751
"920",1003,2013-01-15,14,42750
"921",1004,2013-01-15,14,42750
"922",1005,2013-01-15,14,42750
"923",1009,2013-01-15,14,42750
"924",1002,2013-01-14,13,42749
"925",1001,2013-01-09,8,42744
"926",448,2012-05-02,121,42857
"927",956,2012-05-02,121,42857
"928",2,2012-04-28,117,42853
"929",223,2012-04-28,117,42853
"930",14,2012-04-26,115,42851
"931",305,2012-04-26,115,42851
"932",952,2012-04-26,115,42851
"933",947,2012-04-23,112,42848
"934",945,2012-04-22,111,42847
"935",951,2012-04-22,111,42847
"936",378,2012-04-21,110,42846
"937",415,2012-04-21,110,42846
"938",932,2012-04-21,110,42846
"939",938,2012-04-21,110,42846
"940",940,2012-04-21,110,42846
"941",941,2012-04-21,110,42846
"942",942,2012-04-21,110,42846
"943",948,2012-04-21,110,42846
"944",950,2012-04-21,110,42846
"945",955,2012-04-21,110,42846
"946",47,2012-04-20,109,42845
"947",924,2012-04-20,109,42845
"948",925,2012-04-20,109,42845
"949",931,2012-04-20,109,42845
"950",932,2012-04-20,109,42845
"951",933,2012-04-20,109,42845
"952",934,2012-04-20,109,42845
"953",402,2012-04-19,108,42844
"954",665,2012-04-19,108,42844
"955",923,2012-04-19,108,42844
"956",924,2012-04-19,108,42844
"957",925,2012-04-19,108,42844
"958",929,2012-04-19,108,42844
"959",946,2012-04-19,108,42844
"960",910,2012-04-18,107,42843
"961",911,2012-04-18,107,42843
"962",912,2012-04-18,107,42843
"963",913,2012-04-18,107,42843
"964",914,2012-04-18,107,42843
"965",925,2012-04-18,107,42843
"966",239,2012-04-16,105,42841
"967",319,2012-04-16,105,42841
"968",896,2012-04-16,105,42841
"969",905,2012-04-16,105,42841
"970",907,2012-04-16,105,42841
"971",908,2012-04-16,105,42841
"972",920,2012-04-16,105,42841
"973",921,2012-04-16,105,42841
"974",41,2012-04-15,104,42840
"975",191,2012-04-15,104,42840
"976",266,2012-04-15,104,42840
"977",281,2012-04-15,104,42840
"978",319,2012-04-15,104,42840
"979",361,2012-04-15,104,42840
"980",364,2012-04-15,104,42840
"981",402,2012-04-15,104,42840
"982",860,2012-04-15,104,42840
"983",879,2012-04-15,104,42840
"984",880,2012-04-15,104,42840
"985",881,2012-04-15,104,42840
"986",882,2012-04-15,104,42840
"987",883,2012-04-15,104,42840
"988",884,2012-04-15,104,42840
"989",885,2012-04-15,104,42840
"990",886,2012-04-15,104,42840
"991",887,2012-04-15,104,42840
"992",889,2012-04-15,104,42840
"993",890,2012-04-15,104,42840
"994",891,2012-04-15,104,42840
"995",892,2012-04-15,104,42840
"996",893,2012-04-15,104,42840
"997",896,2012-04-15,104,42840
"998",897,2012-04-15,104,42840
"999",898,2012-04-15,104,42840
"1000",899,2012-04-15,104,42840
"1001",901,2012-04-15,104,42840
"1002",902,2012-04-15,104,42840
"1003",903,2012-04-15,104,42840
"1004",645,2012-04-14,103,42839
"1005",877,2012-04-14,103,42839
"1006",898,2012-04-12,101,42837
"1007",860,2012-04-11,100,42836
"1008",874,2012-04-11,100,42836
"1009",859,2012-04-09,98,42834
"1010",860,2012-04-09,98,42834
"1011",861,2012-04-09,98,42834
"1012",862,2012-04-09,98,42834
"1013",863,2012-04-09,98,42834
"1014",864,2012-04-09,98,42834
"1015",865,2012-04-09,98,42834
"1016",866,2012-04-09,98,42834
"1017",867,2012-04-09,98,42834
"1018",868,2012-04-09,98,42834
"1019",869,2012-04-09,98,42834
"1020",870,2012-04-09,98,42834
"1021",872,2012-04-09,98,42834
"1022",848,2012-03-25,83,42819
"1023",855,2012-03-25,83,42819
"1024",856,2012-03-25,83,42819
"1025",857,2012-03-25,83,42819
"1026",847,2012-03-24,82,42818
"1027",848,2012-03-24,82,42818
"1028",849,2012-03-24,82,42818
"1029",851,2012-03-24,82,42818
"1030",848,2012-03-23,81,42817
"1031",917,2012-03-23,81,42817
"1032",514,2012-03-22,80,42816
"1033",758,2012-03-22,80,42816
"1034",546,2012-03-21,79,42815
"1035",749,2012-03-21,79,42815
"1036",784,2012-03-21,79,42815
"1037",829,2012-03-21,79,42815
"1038",830,2012-03-21,79,42815
"1039",831,2012-03-21,79,42815
"1040",832,2012-03-21,79,42815
"1041",833,2012-03-21,79,42815
"1042",835,2012-03-21,79,42815
"1043",836,2012-03-21,79,42815
"1044",837,2012-03-21,79,42815
"1045",839,2012-03-21,79,42815
"1046",840,2012-03-21,79,42815
"1047",842,2012-03-21,79,42815
"1048",843,2012-03-21,79,42815
"1049",845,2012-03-21,79,42815
"1050",846,2012-03-21,79,42815
"1051",852,2012-03-21,79,42815
"1052",328,2012-03-19,77,42813
"1053",546,2012-03-19,77,42813
"1054",728,2012-03-19,77,42813
"1055",767,2012-03-19,77,42813
"1056",810,2012-03-19,77,42813
"1057",811,2012-03-19,77,42813
"1058",812,2012-03-19,77,42813
"1059",813,2012-03-19,77,42813
"1060",814,2012-03-19,77,42813
"1061",815,2012-03-19,77,42813
"1062",818,2012-03-19,77,42813
"1063",819,2012-03-19,77,42813
"1064",820,2012-03-19,77,42813
"1065",821,2012-03-19,77,42813
"1066",825,2012-03-19,77,42813
"1067",826,2012-03-19,77,42813
"1068",827,2012-03-19,77,42813
"1069",957,2012-03-19,77,42813
"1070",797,2012-03-18,76,42812
"1071",798,2012-03-18,76,42812
"1072",800,2012-03-18,76,42812
"1073",801,2012-03-18,76,42812
"1074",803,2012-03-18,76,42812
"1075",806,2012-03-18,76,42812
"1076",807,2012-03-18,76,42812
"1077",809,2012-03-18,76,42812
"1078",336,2012-03-17,75,42811
"1079",344,2012-03-17,75,42811
"1080",498,2012-03-17,75,42811
"1081",514,2012-03-17,75,42811
"1082",758,2012-03-17,75,42811
"1083",781,2012-03-17,75,42811
"1084",783,2012-03-17,75,42811
"1085",784,2012-03-17,75,42811
"1086",785,2012-03-17,75,42811
"1087",786,2012-03-17,75,42811
"1088",787,2012-03-17,75,42811
"1089",789,2012-03-17,75,42811
"1090",790,2012-03-17,75,42811
"1091",791,2012-03-17,75,42811
"1092",792,2012-03-17,75,42811
"1093",793,2012-03-17,75,42811
"1094",795,2012-03-17,75,42811
"1095",796,2012-03-17,75,42811
"1096",876,2012-03-17,75,42811
"1097",329,2012-03-16,74,42810
"1098",732,2012-03-16,74,42810
"1099",752,2012-03-16,74,42810
"1100",765,2012-03-16,74,42810
"1101",767,2012-03-16,74,42810
"1102",768,2012-03-16,74,42810
"1103",772,2012-03-16,74,42810
"1104",773,2012-03-16,74,42810
"1105",774,2012-03-16,74,42810
"1106",778,2012-03-16,74,42810
"1107",781,2012-03-16,74,42810
"1108",858,2012-03-16,74,42810
"1109",244,2012-03-15,73,42809
"1110",723,2012-03-15,73,42809
"1111",728,2012-03-15,73,42809
"1112",735,2012-03-15,73,42809
"1113",736,2012-03-15,73,42809
"1114",750,2012-03-15,73,42809
"1115",751,2012-03-15,73,42809
"1116",752,2012-03-15,73,42809
"1117",754,2012-03-15,73,42809
"1118",758,2012-03-15,73,42809
"1119",759,2012-03-15,73,42809
"1120",761,2012-03-15,73,42809
"1121",767,2012-03-15,73,42809
"1122",790,2012-03-15,73,42809
"1123",791,2012-03-15,73,42809
"1124",721,2012-03-14,72,42808
"1125",728,2012-03-14,72,42808
"1126",730,2012-03-14,72,42808
"1127",731,2012-03-14,72,42808
"1128",732,2012-03-14,72,42808
"1129",734,2012-03-14,72,42808
"1130",735,2012-03-14,72,42808
"1131",736,2012-03-14,72,42808
"1132",737,2012-03-14,72,42808
"1133",738,2012-03-14,72,42808
"1134",741,2012-03-14,72,42808
"1135",742,2012-03-14,72,42808
"1136",743,2012-03-14,72,42808
"1137",744,2012-03-14,72,42808
"1138",745,2012-03-14,72,42808
"1139",746,2012-03-14,72,42808
"1140",747,2012-03-14,72,42808
"1141",748,2012-03-14,72,42808
"1142",749,2012-03-14,72,42808
"1143",104,2012-03-13,71,42807
"1144",720,2012-03-13,71,42807
"1145",721,2012-03-13,71,42807
"1146",722,2012-03-13,71,42807
"1147",723,2012-03-13,71,42807
"1148",724,2012-03-13,71,42807
"1149",917,2012-03-12,70,42806
"1150",707,2012-02-29,59,42795
"1151",708,2012-02-29,59,42795
"1152",709,2012-02-29,59,42795
"1153",710,2012-02-29,59,42795
"1154",711,2012-02-29,59,42795
"1155",713,2012-02-29,59,42795
"1156",714,2012-02-29,59,42795
"1157",715,2012-02-29,59,42795
"1158",717,2012-02-29,59,42795
"1159",718,2012-02-29,59,42795
"1160",719,2012-02-29,59,42795
"1161",705,2012-02-01,31,42767
"1162",706,2012-02-01,31,42767
"1163",2,2012-01-23,22,42758
"1164",700,2012-01-23,22,42758
"1165",703,2012-01-23,22,42758
"1166",693,2012-01-21,20,42756
"1167",700,2012-01-21,20,42756
"1168",701,2012-01-21,20,42756
"1169",704,2012-01-20,19,42755
"1170",690,2012-01-09,8,42744
"1171",663,2011-05-05,124,42860
"1172",664,2011-05-05,124,42860
"1173",665,2011-05-05,124,42860
"1174",55,2011-04-26,115,42851
"1175",654,2011-04-26,115,42851
"1176",655,2011-04-26,115,42851
"1177",657,2011-04-26,115,42851
"1178",55,2011-04-24,113,42849
"1179",651,2011-04-24,113,42849
"1180",659,2011-04-24,113,42849
"1181",292,2011-04-21,110,42846
"1182",651,2011-04-21,110,42846
"1183",55,2011-04-20,109,42845
"1184",589,2011-04-20,109,42845
"1185",645,2011-04-20,109,42845
"1186",648,2011-04-20,109,42845
"1187",650,2011-04-20,109,42845
"1188",651,2011-04-20,109,42845
"1189",652,2011-04-20,109,42845
"1190",653,2011-04-20,109,42845
"1191",662,2011-04-20,109,42845
"1192",651,2011-04-19,108,42844
"1193",39,2011-04-18,107,42843
"1194",610,2011-04-18,107,42843
"1195",636,2011-04-18,107,42843
"1196",638,2011-04-18,107,42843
"1197",639,2011-04-18,107,42843
"1198",640,2011-04-18,107,42843
"1199",641,2011-04-18,107,42843
"1200",642,2011-04-18,107,42843
"1201",643,2011-04-18,107,42843
"1202",2,2011-04-17,106,42842
"1203",237,2011-04-17,106,42842
"1204",426,2011-04-17,106,42842
"1205",607,2011-04-17,106,42842
"1206",620,2011-04-17,106,42842
"1207",621,2011-04-17,106,42842
"1208",622,2011-04-17,106,42842
"1209",623,2011-04-17,106,42842
"1210",627,2011-04-17,106,42842
"1211",629,2011-04-17,106,42842
"1212",633,2011-04-17,106,42842
"1213",39,2011-04-15,104,42840
"1214",261,2011-04-15,104,42840
"1215",308,2011-04-15,104,42840
"1216",415,2011-04-15,104,42840
"1217",450,2011-04-15,104,42840
"1218",589,2011-04-15,104,42840
"1219",597,2011-04-15,104,42840
"1220",598,2011-04-15,104,42840
"1221",600,2011-04-15,104,42840
"1222",603,2011-04-15,104,42840
"1223",605,2011-04-15,104,42840
"1224",607,2011-04-15,104,42840
"1225",610,2011-04-15,104,42840
"1226",615,2011-04-15,104,42840
"1227",237,2011-04-14,103,42839
"1228",2,2011-04-13,102,42838
"1229",226,2011-04-13,102,42838
"1230",586,2011-04-13,102,42838
"1231",587,2011-04-13,102,42838
"1232",588,2011-04-13,102,42838
"1233",589,2011-04-13,102,42838
"1234",590,2011-04-13,102,42838
"1235",591,2011-04-13,102,42838
"1236",594,2011-04-13,102,42838
"1237",595,2011-04-13,102,42838
"1238",596,2011-04-13,102,42838
"1239",581,2011-04-08,97,42833
"1240",582,2011-04-08,97,42833
"1241",1,2011-04-07,96,42832
"1242",567,2011-04-07,96,42832
"1243",571,2011-04-07,96,42832
"1244",572,2011-04-07,96,42832
"1245",573,2011-04-07,96,42832
"1246",575,2011-04-07,96,42832
"1247",576,2011-04-07,96,42832
"1248",577,2011-04-07,96,42832
"1249",578,2011-04-07,96,42832
"1250",579,2011-04-07,96,42832
"1251",580,2011-04-07,96,42832
"1252",6,2011-04-04,93,42829
"1253",563,2011-04-04,93,42829
"1254",565,2011-04-04,93,42829
"1255",567,2011-04-04,93,42829
"1256",569,2011-04-04,93,42829
"1257",570,2011-04-04,93,42829
"1258",584,2011-04-04,93,42829
"1259",546,2011-03-30,88,42824
"1260",547,2011-03-30,88,42824
"1261",548,2011-03-30,88,42824
"1262",549,2011-03-30,88,42824
"1263",552,2011-03-30,88,42824
"1264",553,2011-03-30,88,42824
"1265",554,2011-03-30,88,42824
"1266",555,2011-03-30,88,42824
"1267",556,2011-03-30,88,42824
"1268",557,2011-03-30,88,42824
"1269",558,2011-03-30,88,42824
"1270",559,2011-03-30,88,42824
"1271",561,2011-03-30,88,42824
"1272",563,2011-03-30,88,42824
"1273",564,2011-03-30,88,42824
"1274",448,2011-03-28,86,42822
"1275",546,2011-03-28,86,42822
"1276",547,2011-03-28,86,42822
"1277",334,2011-03-27,85,42821
"1278",535,2011-03-27,85,42821
"1279",540,2011-03-27,85,42821
"1280",244,2011-03-26,84,42820
"1281",530,2011-03-26,84,42820
"1282",531,2011-03-26,84,42820
"1283",532,2011-03-26,84,42820
"1284",534,2011-03-26,84,42820
"1285",535,2011-03-26,84,42820
"1286",536,2011-03-26,84,42820
"1287",537,2011-03-26,84,42820
"1288",538,2011-03-26,84,42820
"1289",539,2011-03-26,84,42820
"1290",540,2011-03-26,84,42820
"1291",583,2011-03-26,84,42820
"1292",60,2011-03-19,77,42813
"1293",489,2011-03-19,77,42813
"1294",492,2011-03-19,77,42813
"1295",493,2011-03-19,77,42813
"1296",494,2011-03-19,77,42813
"1297",496,2011-03-19,77,42813
"1298",502,2011-03-19,77,42813
"1299",512,2011-03-19,77,42813
"1300",527,2011-03-19,77,42813
"1301",528,2011-03-19,77,42813
"1302",520,2011-03-16,74,42810
"1303",504,2011-03-15,73,42809
"1304",507,2011-03-15,73,42809
"1305",508,2011-03-15,73,42809
"1306",509,2011-03-15,73,42809
"1307",510,2011-03-15,73,42809
"1308",511,2011-03-15,73,42809
"1309",512,2011-03-15,73,42809
"1310",513,2011-03-15,73,42809
"1311",514,2011-03-15,73,42809
"1312",515,2011-03-15,73,42809
"1313",516,2011-03-15,73,42809
"1314",521,2011-03-15,73,42809
"1315",525,2011-03-15,73,42809
"1316",526,2011-03-15,73,42809
"1317",692,2011-03-15,73,42809
"1318",498,2011-03-14,72,42808
"1319",499,2011-03-14,72,42808
"1320",501,2011-03-14,72,42808
"1321",502,2011-03-14,72,42808
"1322",503,2011-03-14,72,42808
"1323",504,2011-03-14,72,42808
"1324",505,2011-03-14,72,42808
"1325",506,2011-03-14,72,42808
"1326",517,2011-03-14,72,42808
"1327",500,2011-03-13,71,42807
"1328",582,2011-03-08,66,42802
"1329",457,2011-01-22,21,42757
"1330",440,2010-05-14,133,42869
"1331",441,2010-05-14,133,42869
"1332",442,2010-05-14,133,42869
"1333",438,2010-05-07,126,42862
"1334",439,2010-05-07,126,42862
"1335",270,2010-05-06,125,42861
"1336",437,2010-05-06,125,42861
"1337",301,2010-05-03,122,42858
"1338",436,2010-05-03,122,42858
"1339",435,2010-05-02,121,42857
"1340",3,2010-04-22,111,42847
"1341",431,2010-04-22,111,42847
"1342",434,2010-04-22,111,42847
"1343",428,2010-04-21,110,42846
"1344",429,2010-04-21,110,42846
"1345",430,2010-04-21,110,42846
"1346",458,2010-04-21,110,42846
"1347",47,2010-04-19,108,42844
"1348",378,2010-04-19,108,42844
"1349",2,2010-04-13,102,42838
"1350",4,2010-04-13,102,42838
"1351",418,2010-04-13,102,42838
"1352",424,2010-04-13,102,42838
"1353",426,2010-04-13,102,42838
"1354",667,2010-04-13,102,42838
"1355",13,2010-04-12,101,42837
"1356",39,2010-04-12,101,42837
"1357",414,2010-04-12,101,42837
"1358",415,2010-04-12,101,42837
"1359",416,2010-04-12,101,42837
"1360",417,2010-04-12,101,42837
"1361",418,2010-04-12,101,42837
"1362",419,2010-04-12,101,42837
"1363",420,2010-04-12,101,42837
"1364",421,2010-04-12,101,42837
"1365",422,2010-04-12,101,42837
"1366",425,2010-04-12,101,42837
"1367",426,2010-04-12,101,42837
"1368",427,2010-04-12,101,42837
"1369",691,2010-04-12,101,42837
"1370",277,2010-04-10,99,42835
"1371",412,2010-04-10,99,42835
"1372",219,2010-04-09,98,42834
"1373",407,2010-04-09,98,42834
"1374",408,2010-04-09,98,42834
"1375",409,2010-04-09,98,42834
"1376",410,2010-04-09,98,42834
"1377",411,2010-04-09,98,42834
"1378",4,2010-04-08,97,42833
"1379",219,2010-04-08,97,42833
"1380",369,2010-04-08,97,42833
"1381",385,2010-04-08,97,42833
"1382",397,2010-04-08,97,42833
"1383",398,2010-04-08,97,42833
"1384",399,2010-04-08,97,42833
"1385",400,2010-04-08,97,42833
"1386",401,2010-04-08,97,42833
"1387",402,2010-04-08,97,42833
"1388",403,2010-04-08,97,42833
"1389",404,2010-04-08,97,42833
"1390",405,2010-04-08,97,42833
"1391",406,2010-04-08,97,42833
"1392",160,2010-04-07,96,42832
"1393",219,2010-04-07,96,42832
"1394",356,2010-04-07,96,42832
"1395",357,2010-04-07,96,42832
"1396",365,2010-04-07,96,42832
"1397",384,2010-04-07,96,42832
"1398",385,2010-04-07,96,42832
"1399",386,2010-04-07,96,42832
"1400",388,2010-04-07,96,42832
"1401",389,2010-04-07,96,42832
"1402",390,2010-04-07,96,42832
"1403",392,2010-04-07,96,42832
"1404",393,2010-04-07,96,42832
"1405",394,2010-04-07,96,42832
"1406",395,2010-04-07,96,42832
"1407",396,2010-04-07,96,42832
"1408",273,2010-04-06,95,42831
"1409",302,2010-04-06,95,42831
"1410",339,2010-04-06,95,42831
"1411",365,2010-04-06,95,42831
"1412",366,2010-04-06,95,42831
"1413",367,2010-04-06,95,42831
"1414",368,2010-04-06,95,42831
"1415",369,2010-04-06,95,42831
"1416",370,2010-04-06,95,42831
"1417",371,2010-04-06,95,42831
"1418",374,2010-04-06,95,42831
"1419",379,2010-04-06,95,42831
"1420",380,2010-04-06,95,42831
"1421",382,2010-04-06,95,42831
"1422",356,2010-04-05,94,42830
"1423",357,2010-04-05,94,42830
"1424",358,2010-04-05,94,42830
"1425",359,2010-04-05,94,42830
"1426",361,2010-04-05,94,42830
"1427",363,2010-04-05,94,42830
"1428",364,2010-04-05,94,42830
"1429",380,2010-04-05,94,42830
"1430",103,2010-03-21,79,42815
"1431",104,2010-03-21,79,42815
"1432",173,2010-03-21,79,42815
"1433",330,2010-03-21,79,42815
"1434",331,2010-03-21,79,42815
"1435",332,2010-03-21,79,42815
"1436",333,2010-03-21,79,42815
"1437",334,2010-03-21,79,42815
"1438",335,2010-03-21,79,42815
"1439",336,2010-03-21,79,42815
"1440",337,2010-03-21,79,42815
"1441",338,2010-03-21,79,42815
"1442",340,2010-03-21,79,42815
"1443",341,2010-03-21,79,42815
"1444",342,2010-03-21,79,42815
"1445",343,2010-03-21,79,42815
"1446",344,2010-03-21,79,42815
"1447",345,2010-03-21,79,42815
"1448",346,2010-03-21,79,42815
"1449",348,2010-03-21,79,42815
"1450",349,2010-03-21,79,42815
"1451",350,2010-03-21,79,42815
"1452",351,2010-03-21,79,42815
"1453",352,2010-03-21,79,42815
"1454",353,2010-03-21,79,42815
"1455",354,2010-03-21,79,42815
"1456",327,2010-03-18,76,42812
"1457",328,2010-03-18,76,42812
"1458",329,2010-03-18,76,42812
"1459",444,2010-03-18,76,42812
"1460",305,2009-05-01,120,42856
"1461",4,2009-04-30,119,42855
"1462",239,2009-04-30,119,42855
"1463",301,2009-04-30,119,42855
"1464",303,2009-04-30,119,42855
"1465",305,2009-04-30,119,42855
"1466",308,2009-04-30,119,42855
"1467",312,2009-04-30,119,42855
"1468",302,2009-04-29,118,42854
"1469",303,2009-04-29,118,42854
"1470",305,2009-04-29,118,42854
"1471",306,2009-04-29,118,42854
"1472",308,2009-04-29,118,42854
"1473",315,2009-04-29,118,42854
"1474",298,2009-04-27,116,42852
"1475",299,2009-04-27,116,42852
"1476",301,2009-04-27,116,42852
"1477",292,2009-04-26,115,42851
"1478",313,2009-04-26,115,42851
"1479",286,2009-04-25,114,42850
"1480",290,2009-04-25,114,42850
"1481",291,2009-04-25,114,42850
"1482",322,2009-04-25,114,42850
"1483",324,2009-04-25,114,42850
"1484",285,2009-04-24,113,42849
"1485",286,2009-04-24,113,42849
"1486",287,2009-04-24,113,42849
"1487",288,2009-04-24,113,42849
"1488",289,2009-04-24,113,42849
"1489",290,2009-04-22,111,42847
"1490",290,2009-04-21,110,42846
"1491",299,2009-04-21,110,42846
"1492",252,2009-04-20,109,42845
"1493",255,2009-04-20,109,42845
"1494",257,2009-04-20,109,42845
"1495",259,2009-04-20,109,42845
"1496",262,2009-04-20,109,42845
"1497",263,2009-04-20,109,42845
"1498",266,2009-04-20,109,42845
"1499",267,2009-04-20,109,42845
"1500",268,2009-04-20,109,42845
"1501",277,2009-04-20,109,42845
"1502",279,2009-04-20,109,42845
"1503",280,2009-04-20,109,42845
"1504",281,2009-04-20,109,42845
"1505",282,2009-04-20,109,42845
"1506",284,2009-04-20,109,42845
"1507",43,2009-04-19,108,42844
"1508",239,2009-04-19,108,42844
"1509",251,2009-04-19,108,42844
"1510",252,2009-04-19,108,42844
"1511",254,2009-04-19,108,42844
"1512",255,2009-04-19,108,42844
"1513",256,2009-04-19,108,42844
"1514",257,2009-04-19,108,42844
"1515",259,2009-04-19,108,42844
"1516",261,2009-04-19,108,42844
"1517",262,2009-04-19,108,42844
"1518",263,2009-04-19,108,42844
"1519",264,2009-04-19,108,42844
"1520",266,2009-04-19,108,42844
"1521",267,2009-04-19,108,42844
"1522",268,2009-04-19,108,42844
"1523",270,2009-04-19,108,42844
"1524",271,2009-04-19,108,42844
"1525",273,2009-04-19,108,42844
"1526",274,2009-04-19,108,42844
"1527",275,2009-04-19,108,42844
"1528",276,2009-04-19,108,42844
"1529",277,2009-04-19,108,42844
"1530",302,2009-04-19,108,42844
"1531",564,2009-04-19,108,42844
"1532",231,2009-04-14,103,42839
"1533",232,2009-04-14,103,42839
"1534",233,2009-04-14,103,42839
"1535",234,2009-04-14,103,42839
"1536",235,2009-04-14,103,42839
"1537",236,2009-04-14,103,42839
"1538",237,2009-04-14,103,42839
"1539",238,2009-04-14,103,42839
"1540",239,2009-04-14,103,42839
"1541",242,2009-04-14,103,42839
"1542",244,2009-04-14,103,42839
"1543",245,2009-04-14,103,42839
"1544",246,2009-04-14,103,42839
"1545",248,2009-04-14,103,42839
"1546",219,2009-04-11,100,42836
"1547",220,2009-04-11,100,42836
"1548",221,2009-04-11,100,42836
"1549",222,2009-04-11,100,42836
"1550",223,2009-04-11,100,42836
"1551",224,2009-04-11,100,42836
"1552",225,2009-04-11,100,42836
"1553",226,2009-04-11,100,42836
"1554",227,2009-04-11,100,42836
"1555",228,2009-04-11,100,42836
"1556",229,2009-04-11,100,42836
"1557",219,2009-04-07,96,42832
"1558",293,2009-04-07,96,42832
"1559",294,2009-04-07,96,42832
"1560",295,2009-04-07,96,42832
"1561",296,2009-04-07,96,42832
"1562",181,2009-04-06,95,42831
"1563",192,2009-04-06,95,42831
"1564",194,2009-04-06,95,42831
"1565",196,2009-04-06,95,42831
"1566",197,2009-04-06,95,42831
"1567",198,2009-04-06,95,42831
"1568",199,2009-04-06,95,42831
"1569",200,2009-04-06,95,42831
"1570",201,2009-04-06,95,42831
"1571",202,2009-04-06,95,42831
"1572",204,2009-04-06,95,42831
"1573",218,2009-04-06,95,42831
"1574",47,2009-04-05,94,42830
"1575",166,2009-04-05,94,42830
"1576",175,2009-04-05,94,42830
"1577",176,2009-04-05,94,42830
"1578",179,2009-04-05,94,42830
"1579",180,2009-04-05,94,42830
"1580",181,2009-04-05,94,42830
"1581",182,2009-04-05,94,42830
"1582",183,2009-04-05,94,42830
"1583",185,2009-04-05,94,42830
"1584",189,2009-04-05,94,42830
"1585",190,2009-04-05,94,42830
"1586",191,2009-04-05,94,42830
"1587",199,2009-04-05,94,42830
"1588",205,2009-04-05,94,42830
"1589",666,2009-04-05,94,42830
"1590",157,2009-04-02,91,42827
"1591",158,2009-04-02,91,42827
"1592",159,2009-04-02,91,42827
"1593",160,2009-04-02,91,42827
"1594",161,2009-04-02,91,42827
"1595",162,2009-04-02,91,42827
"1596",163,2009-04-02,91,42827
"1597",164,2009-04-02,91,42827
"1598",165,2009-04-02,91,42827
"1599",166,2009-04-02,91,42827
"1600",169,2009-04-02,91,42827
"1601",170,2009-04-02,91,42827
"1602",171,2009-04-02,91,42827
"1603",172,2009-04-02,91,42827
"1604",173,2009-04-02,91,42827
"1605",174,2009-04-02,91,42827
"1606",39,2009-03-29,87,42823
"1607",151,2009-03-29,87,42823
"1608",152,2009-03-29,87,42823
"1609",153,2009-03-29,87,42823
"1610",154,2009-03-29,87,42823
"1611",155,2009-03-29,87,42823
"1612",150,2009-03-19,77,42813
"1613",148,2009-03-15,73,42809
"1614",149,2009-03-15,73,42809
"1615",141,2009-03-12,70,42806
"1616",142,2009-03-12,70,42806
"1617",143,2009-03-12,70,42806
"1618",144,2009-03-12,70,42806
"1619",145,2009-03-12,70,42806
"1620",146,2009-03-12,70,42806
"1621",147,2009-03-12,70,42806
"1622",156,2009-03-12,70,42806
"1623",140,2009-03-07,65,42801
"1624",100,2009-01-29,28,42764
"1625",101,2009-01-29,28,42764
"1626",65,2008-05-08,127,42863
"1627",67,2008-05-08,127,42863
"1628",63,2008-05-05,124,42860
"1629",64,2008-05-05,124,42860
"1630",105,2008-05-05,124,42860
"1631",62,2008-05-04,123,42859
"1632",52,2008-04-29,118,42854
"1633",58,2008-04-29,118,42854
"1634",59,2008-04-29,118,42854
"1635",60,2008-04-29,118,42854
"1636",61,2008-04-29,118,42854
"1637",454,2008-04-29,118,42854
"1638",455,2008-04-29,118,42854
"1639",53,2008-04-28,117,42853
"1640",55,2008-04-28,117,42853
"1641",57,2008-04-28,117,42853
"1642",123,2008-04-23,112,42848
"1643",50,2008-04-21,110,42846
"1644",51,2008-04-21,110,42846
"1645",52,2008-04-21,110,42846
"1646",46,2008-04-20,109,42845
"1647",47,2008-04-20,109,42845
"1648",48,2008-04-20,109,42845
"1649",49,2008-04-20,109,42845
"1650",426,2008-04-20,109,42845
"1651",452,2008-04-20,109,42845
"1652",41,2008-04-12,101,42837
"1653",107,2008-04-12,101,42837
"1654",108,2008-04-12,101,42837
"1655",109,2008-04-12,101,42837
"1656",110,2008-04-12,101,42837
"1657",111,2008-04-12,101,42837
"1658",115,2008-04-12,101,42837
"1659",37,2008-04-11,100,42836
"1660",38,2008-04-11,100,42836
"1661",39,2008-04-11,100,42836
"1662",40,2008-04-11,100,42836
"1663",41,2008-04-11,100,42836
"1664",42,2008-04-11,100,42836
"1665",43,2008-04-11,100,42836
"1666",45,2008-04-11,100,42836
"1667",68,2008-04-11,100,42836
"1668",116,2008-04-11,100,42836
"1669",117,2008-04-11,100,42836
"1670",249,2008-04-09,98,42834
"1671",34,2008-04-06,95,42831
"1672",35,2008-04-06,95,42831
"1673",36,2008-04-06,95,42831
"1674",33,2008-03-29,87,42823
"1675",119,2008-03-29,87,42823
"1676",29,2008-03-27,85,42821
"1677",30,2008-03-27,85,42821
"1678",103,2008-03-27,85,42821
"1679",104,2008-03-27,85,42821
"1680",122,2008-03-27,85,42821
"1681",124,2008-03-27,85,42821
"1682",28,2008-03-22,80,42816
"1683",26,2008-03-11,69,42805
"1684",27,2008-03-11,69,42805
"1685",18,2007-04-28,117,42853
"1686",17,2007-04-27,116,42852
"1687",451,2007-04-27,116,42852
"1688",17,2007-04-26,115,42851
"1689",1,2007-04-24,113,42849
"1690",2,2007-04-24,113,42849
"1691",4,2007-04-24,113,42849
"1692",223,2007-04-24,113,42849
"1693",450,2007-04-24,113,42849
"1694",1,2007-04-23,112,42848
"1695",2,2007-04-23,112,42848
"1696",3,2007-04-23,112,42848
"1697",4,2007-04-23,112,42848
"1698",2,2007-04-21,110,42846
"1699",2,2007-04-21,110,42846
"1700",6,2007-04-21,110,42846
"1701",8,2007-04-21,110,42846
"1702",15,2007-04-21,110,42846
"1703",16,2007-04-21,110,42846
"1704",2,2007-04-20,109,42845
"1705",6,2007-04-20,109,42845
"1706",8,2007-04-18,107,42843
"1707",14,2007-04-15,104,42840
"1708",158,2007-04-13,102,42838
"1709",13,2007-04-01,90,42826
"1710",10,2007-03-31,89,42825
"1711",11,2007-03-31,89,42825
"1712",12,2007-03-31,89,42825
"1713",448,2006-04-15,104,42840
"1714",449,2006-04-15,104,42840
"1715",689,2006-04-13,102,42838
"1716",39,2006-04-02,91,42827
"1717",447,2006-04-02,91,42827
"1718",446,2006-04-01,90,42826
"1719",456,2006-04-01,90,42826
"1720",445,2006-03-12,70,42806
"1721",223,2005-05-05,124,42860
"1722",318,NA,334,42704
"1723",319,NA,334,42704
