BDA ID,Day_Month_Year,Day of Year,Serial Date,,,,
0001,23_4_2007, 112 ,42848,,,,
0001,24_4_2007, 113 ,42849,,,,
0001,7_4_2011, 96 ,42832,,,,
0002,20_4_2007, 109 ,42845,,,,
0002,21_4_2007, 110 ,42846,,,,
0002,21_4_2007, 110 ,42846,,,,
0002,23_4_2007, 112 ,42848,,,,
0002,24_4_2007, 113 ,42849,,,,
0002,13_4_2010, 102 ,42838,,,,
0002,13_4_2011, 102 ,42838,,,,
0002,17_4_2011, 106 ,42842,,,,
0002,23_1_2012, 22 ,42758,,,,
0002,28_4_2012, 117 ,42853,,,,
0002,19_4_2013, 108 ,42844,,,,
0002,20_4_2013, 109 ,42845,,,,
0002,21_4_2013, 110 ,42846,,,,
0002,8_5_2014, 127 ,42863,,,,
0002,21_4_2017, 110 ,42846,,,,
0002,23_4_2017, 112 ,42848,,,,
0003,23_4_2007, 112 ,42848,,,,
0003,22_4_2010, 111 ,42847,,,,
0004,23_4_2007, 112 ,42848,,,,
0004,24_4_2007, 113 ,42849,,,,
0004,30_4_2009, 119 ,42855,,,,
0004,8_4_2010, 97 ,42833,,,,
0004,13_4_2010, 102 ,42838,,,,
0004,27_4_2016, 116 ,42852,,,,
0004,2_5_2016, 121 ,42857,,,,
0004,22_4_2017, 111 ,42847,,,,
0006,20_4_2007, 109 ,42845,,,,
0006,21_4_2007, 110 ,42846,,,,
0006,4_4_2011, 93 ,42829,,,,
0006,12_3_2016, 70 ,42806,,,,
0006,13_3_2016, 71 ,42807,,,,
0006,26_3_2017, 84 ,42820,,,,
0008,18_4_2007, 107 ,42843,,,,
0008,21_4_2007, 110 ,42846,,,,
0008,15_4_2013, 104 ,42840,,,,
0008,18_4_2013, 107 ,42843,,,,
0010,31_3_2007, 89 ,42825,,,,
0011,31_3_2007, 89 ,42825,,,,
0012,31_3_2007, 89 ,42825,,,,
0013,1_4_2007, 90 ,42826,,,,
0013,12_4_2010, 101 ,42837,,,,
0014,15_4_2007, 104 ,42840,,,,
0014,26_4_2012, 115 ,42851,,,,
0015,21_4_2007, 110 ,42846,,,,
0016,21_4_2007, 110 ,42846,,,,
0017,26_4_2007, 115 ,42851,,,,
0017,27_4_2007, 116 ,42852,,,,
0018,28_4_2007, 117 ,42853,,,,
0026,11_3_2008, 69 ,42805,,,,
0027,11_3_2008, 69 ,42805,,,,
0028,22_3_2008, 80 ,42816,,,,
0029,27_3_2008, 85 ,42821,,,,
0030,27_3_2008, 85 ,42821,,,,
0033,29_3_2008, 87 ,42823,,,,
0034,6_4_2008, 95 ,42831,,,,
0035,6_4_2008, 95 ,42831,,,,
0036,6_4_2008, 95 ,42831,,,,
0037,11_4_2008, 100 ,42836,,,,
0038,11_4_2008, 100 ,42836,,,,
0039,2_4_2006, 91 ,42827,,,,
0039,11_4_2008, 100 ,42836,,,,
0039,29_3_2009, 87 ,42823,,,,
0039,12_4_2010, 101 ,42837,,,,
0039,15_4_2011, 104 ,42840,,,,
0039,18_4_2011, 107 ,42843,,,,
0039,12_4_2014, 101 ,42837,,,,
0040,11_4_2008, 100 ,42836,,,,
0041,11_4_2008, 100 ,42836,,,,
0041,12_4_2008, 101 ,42837,,,,
0041,15_4_2012, 104 ,42840,,,,
0041,22_3_2013, 80 ,42816,,,,
0042,11_4_2008, 100 ,42836,,,,
0043,11_4_2008, 100 ,42836,,,,
0043,19_4_2009, 108 ,42844,,,,
0045,11_4_2008, 100 ,42836,,,,
0046,20_4_2008, 109 ,42845,,,,
0047,20_4_2008, 109 ,42845,,,,
0047,5_4_2009, 94 ,42830,,,,
0047,19_4_2010, 108 ,42844,,,,
0047,20_4_2012, 109 ,42845,,,,
0047,27_4_2013, 116 ,42852,,,,
0047,4_5_2013, 123 ,42859,,,,
0047,5_5_2013, 124 ,42860,,,,
0047,26_4_2014, 115 ,42851,,,,
0048,20_4_2008, 109 ,42845,,,,
0049,20_4_2008, 109 ,42845,,,,
0050,21_4_2008, 110 ,42846,,,,
0051,21_4_2008, 110 ,42846,,,,
0052,21_4_2008, 110 ,42846,,,,
0052,29_4_2008, 118 ,42854,,,,
0052,22_4_2015, 111 ,42847,,,,
0053,28_4_2008, 117 ,42853,,,,
0055,28_4_2008, 117 ,42853,,,,
0055,20_4_2011, 109 ,42845,,,,
0055,24_4_2011, 113 ,42849,,,,
0055,26_4_2011, 115 ,42851,,,,
0055,15_4_2013, 104 ,42840,,,,
0057,28_4_2008, 117 ,42853,,,,
0057,23_4_2015, 112 ,42848,,,,
0058,29_4_2008, 118 ,42854,,,,
0059,29_4_2008, 118 ,42854,,,,
0060,29_4_2008, 118 ,42854,,,,
0060,19_3_2011, 77 ,42813,,,,
0061,29_4_2008, 118 ,42854,,,,
0062,4_5_2008, 123 ,42859,,,,
0063,5_5_2008, 124 ,42860,,,,
0064,5_5_2008, 124 ,42860,,,,
0065,8_5_2008, 127 ,42863,,,,
0067,8_5_2008, 127 ,42863,,,,
0068,11_4_2008, 100 ,42836,,,,
0100,29_1_2009, 28 ,42764,,,,
0101,29_1_2009, 28 ,42764,,,,
0103,27_3_2008, 85 ,42821,,,,
0103,21_3_2010, 79 ,42815,,,,
0104,27_3_2008, 85 ,42821,,,,
0104,21_3_2010, 79 ,42815,,,,
0104,13_3_2012, 71 ,42807,,,,
0104,13_3_2013, 71 ,42807,,,,
0105,5_5_2008, 124 ,42860,,,,
0107,12_4_2008, 101 ,42837,,,,
0108,12_4_2008, 101 ,42837,,,,
0109,12_4_2008, 101 ,42837,,,,
0110,12_4_2008, 101 ,42837,,,,
0110,18_4_2013, 107 ,42843,,,,
0111,12_4_2008, 101 ,42837,,,,
0115,12_4_2008, 101 ,42837,,,,
0116,11_4_2008, 100 ,42836,,,,
0117,11_4_2008, 100 ,42836,,,,
0119,29_3_2008, 87 ,42823,,,,
0122,27_3_2008, 85 ,42821,,,,
0123,23_4_2008, 112 ,42848,,,,
0124,27_3_2008, 85 ,42821,,,,
0140,7_3_2009, 65 ,42801,,,,
0141,12_3_2009, 70 ,42806,,,,
0141,18_3_2013, 76 ,42812,,,,
0141,19_3_2013, 77 ,42813,,,,
0141,25_3_2017, 83 ,42819,,,,
0142,12_3_2009, 70 ,42806,,,,
0142,11_3_2015, 69 ,42805,,,,
0142,12_3_2015, 70 ,42806,,,,
0142,10_3_2016, 68 ,42804,,,,
0143,12_3_2009, 70 ,42806,,,,
0144,12_3_2009, 70 ,42806,,,,
0144,13_3_2016, 71 ,42807,,,,
0144,13_4_2016, 102 ,42838,,,,
0144,14_4_2016, 103 ,42839,,,,
0144,9_4_2017, 98 ,42834,,,,
0144,9_4_2017, 98 ,42834,,,,
0145,12_3_2009, 70 ,42806,,,,
0145,10_3_2015, 68 ,42804,,,,
0146,12_3_2009, 70 ,42806,,,,
0147,12_3_2009, 70 ,42806,,,,
0148,15_3_2009, 73 ,42809,,,,
0148,20_3_2015, 78 ,42814,,,,
0149,15_3_2009, 73 ,42809,,,,
0150,19_3_2009, 77 ,42813,,,,
0151,29_3_2009, 87 ,42823,,,,
0152,29_3_2009, 87 ,42823,,,,
0152,4_4_2013, 93 ,42829,,,,
0153,29_3_2009, 87 ,42823,,,,
0153,24_3_2013, 82 ,42818,,,,
0154,29_3_2009, 87 ,42823,,,,
0155,29_3_2009, 87 ,42823,,,,
0156,12_3_2009, 70 ,42806,,,,
0157,2_4_2009, 91 ,42827,,,,
0158,13_4_2007, 102 ,42838,,,,
0158,2_4_2009, 91 ,42827,,,,
0159,2_4_2009, 91 ,42827,,,,
0160,2_4_2009, 91 ,42827,,,,
0160,7_4_2010, 96 ,42832,,,,
0161,2_4_2009, 91 ,42827,,,,
0162,2_4_2009, 91 ,42827,,,,
0162,3_4_2013, 92 ,42828,,,,
0162,3_4_2015, 92 ,42828,,,,
0163,2_4_2009, 91 ,42827,,,,
0164,2_4_2009, 91 ,42827,,,,
0165,2_4_2009, 91 ,42827,,,,
0166,2_4_2009, 91 ,42827,,,,
0166,5_4_2009, 94 ,42830,,,,
0169,2_4_2009, 91 ,42827,,,,
0170,2_4_2009, 91 ,42827,,,,
0171,2_4_2009, 91 ,42827,,,,
0172,2_4_2009, 91 ,42827,,,,
0173,2_4_2009, 91 ,42827,,,,
0173,21_3_2010, 79 ,42815,,,,
0174,2_4_2009, 91 ,42827,,,,
0174,30_4_2013, 119 ,42855,,,,
0174,16_4_2017, 105 ,42841,,,,
0175,5_4_2009, 94 ,42830,,,,
0176,5_4_2009, 94 ,42830,,,,
0179,5_4_2009, 94 ,42830,,,,
0179,2_4_2014, 91 ,42827,,,,
0179,12_4_2014, 101 ,42837,,,,
0180,5_4_2009, 94 ,42830,,,,
0180,14_4_2016, 103 ,42839,,,,
0181,5_4_2009, 94 ,42830,,,,
0181,6_4_2009, 95 ,42831,,,,
0181,12_4_2013, 101 ,42837,,,,
0182,5_4_2009, 94 ,42830,,,,
0183,5_4_2009, 94 ,42830,,,,
0185,5_4_2009, 94 ,42830,,,,
0189,5_4_2009, 94 ,42830,,,,
0189,8_4_2015, 97 ,42833,,,,
0190,5_4_2009, 94 ,42830,,,,
0191,5_4_2009, 94 ,42830,,,,
0191,15_4_2012, 104 ,42840,,,,
0191,9_4_2015, 98 ,42834,,,,
0192,6_4_2009, 95 ,42831,,,,
0194,6_4_2009, 95 ,42831,,,,
0196,6_4_2009, 95 ,42831,,,,
0197,6_4_2009, 95 ,42831,,,,
0198,6_4_2009, 95 ,42831,,,,
0199,5_4_2009, 94 ,42830,,,,
0199,6_4_2009, 95 ,42831,,,,
0200,6_4_2009, 95 ,42831,,,,
0201,6_4_2009, 95 ,42831,,,,
0202,6_4_2009, 95 ,42831,,,,
0204,6_4_2009, 95 ,42831,,,,
0205,5_4_2009, 94 ,42830,,,,
0218,6_4_2009, 95 ,42831,,,,
0219,7_4_2009, 96 ,42832,,,,
0219,11_4_2009, 100 ,42836,,,,
0219,7_4_2010, 96 ,42832,,,,
0219,8_4_2010, 97 ,42833,,,,
0219,9_4_2010, 98 ,42834,,,,
0219,11_4_2013, 100 ,42836,,,,
0220,11_4_2009, 100 ,42836,,,,
0220,31_3_2013, 89 ,42825,,,,
0221,11_4_2009, 100 ,42836,,,,
0222,11_4_2009, 100 ,42836,,,,
0223,5_5_2005, 124 ,42860,,,,
0223,24_4_2007, 113 ,42849,,,,
0223,11_4_2009, 100 ,42836,,,,
0223,28_4_2012, 117 ,42853,,,,
0223,12_4_2013, 101 ,42837,,,,
0223,11_4_2015, 100 ,42836,,,,
0224,11_4_2009, 100 ,42836,,,,
0224,15_4_2013, 104 ,42840,,,,
0225,11_4_2009, 100 ,42836,,,,
0226,11_4_2009, 100 ,42836,,,,
0226,13_4_2011, 102 ,42838,,,,
0226,8_4_2015, 97 ,42833,,,,
0227,11_4_2009, 100 ,42836,,,,
0228,11_4_2009, 100 ,42836,,,,
0229,11_4_2009, 100 ,42836,,,,
0231,14_4_2009, 103 ,42839,,,,
0232,14_4_2009, 103 ,42839,,,,
0233,14_4_2009, 103 ,42839,,,,
0234,14_4_2009, 103 ,42839,,,,
0234,7_4_2014, 96 ,42832,,,,
0235,14_4_2009, 103 ,42839,,,,
0236,14_4_2009, 103 ,42839,,,,
0237,14_4_2009, 103 ,42839,,,,
0237,14_4_2011, 103 ,42839,,,,
0237,17_4_2011, 106 ,42842,,,,
0238,14_4_2009, 103 ,42839,,,,
0239,14_4_2009, 103 ,42839,,,,
0239,19_4_2009, 108 ,42844,,,,
0239,30_4_2009, 119 ,42855,,,,
0239,16_4_2012, 105 ,42841,,,,
0239,30_4_2013, 119 ,42855,,,,
0239,19_4_2014, 108 ,42844,,,,
0239,8_4_2015, 97 ,42833,,,,
0239,9_4_2015, 98 ,42834,,,,
0239,10_4_2015, 99 ,42835,,,,
0242,14_4_2009, 103 ,42839,,,,
0244,14_4_2009, 103 ,42839,,,,
0244,26_3_2011, 84 ,42820,,,,
0244,15_3_2012, 73 ,42809,,,,
0244,10_4_2013, 99 ,42835,,,,
0245,14_4_2009, 103 ,42839,,,,
0246,14_4_2009, 103 ,42839,,,,
0248,14_4_2009, 103 ,42839,,,,
0249,9_4_2008, 98 ,42834,,,,
0251,19_4_2009, 108 ,42844,,,,
0252,19_4_2009, 108 ,42844,,,,
0252,20_4_2009, 109 ,42845,,,,
0254,19_4_2009, 108 ,42844,,,,
0255,19_4_2009, 108 ,42844,,,,
0255,20_4_2009, 109 ,42845,,,,
0256,19_4_2009, 108 ,42844,,,,
0257,19_4_2009, 108 ,42844,,,,
0257,20_4_2009, 109 ,42845,,,,
0257,4_4_2017, 93 ,42829,,,,
0259,19_4_2009, 108 ,42844,,,,
0259,20_4_2009, 109 ,42845,,,,
0261,19_4_2009, 108 ,42844,,,,
0261,15_4_2011, 104 ,42840,,,,
0262,19_4_2009, 108 ,42844,,,,
0262,20_4_2009, 109 ,42845,,,,
0263,19_4_2009, 108 ,42844,,,,
0263,20_4_2009, 109 ,42845,,,,
0264,19_4_2009, 108 ,42844,,,,
0266,19_4_2009, 108 ,42844,,,,
0266,20_4_2009, 109 ,42845,,,,
0266,15_4_2012, 104 ,42840,,,,
0267,19_4_2009, 108 ,42844,,,,
0267,20_4_2009, 109 ,42845,,,,
0268,19_4_2009, 108 ,42844,,,,
0268,20_4_2009, 109 ,42845,,,,
0270,19_4_2009, 108 ,42844,,,,
0270,6_5_2010, 125 ,42861,,,,
0271,19_4_2009, 108 ,42844,,,,
0273,19_4_2009, 108 ,42844,,,,
0273,6_4_2010, 95 ,42831,,,,
0274,19_4_2009, 108 ,42844,,,,
0275,19_4_2009, 108 ,42844,,,,
0276,19_4_2009, 108 ,42844,,,,
0277,19_4_2009, 108 ,42844,,,,
0277,20_4_2009, 109 ,42845,,,,
0277,10_4_2010, 99 ,42835,,,,
0279,20_4_2009, 109 ,42845,,,,
0280,20_4_2009, 109 ,42845,,,,
0281,20_4_2009, 109 ,42845,,,,
0281,15_4_2012, 104 ,42840,,,,
0282,20_4_2009, 109 ,42845,,,,
0284,20_4_2009, 109 ,42845,,,,
0284,20_4_2013, 109 ,42845,,,,
0285,24_4_2009, 113 ,42849,,,,
0286,24_4_2009, 113 ,42849,,,,
0286,25_4_2009, 114 ,42850,,,,
0286,25_4_2013, 114 ,42850,,,,
0286,30_4_2013, 119 ,42855,,,,
0286,1_5_2013, 120 ,42856,,,,
0287,24_4_2009, 113 ,42849,,,,
0288,24_4_2009, 113 ,42849,,,,
0289,24_4_2009, 113 ,42849,,,,
0290,21_4_2009, 110 ,42846,,,,
0290,22_4_2009, 111 ,42847,,,,
0290,25_4_2009, 114 ,42850,,,,
0290,19_4_2013, 108 ,42844,,,,
0290,21_4_2013, 110 ,42846,,,,
0290,22_4_2013, 111 ,42847,,,,
0291,25_4_2009, 114 ,42850,,,,
0292,26_4_2009, 115 ,42851,,,,
0292,21_4_2011, 110 ,42846,,,,
0293,7_4_2009, 96 ,42832,,,,
0294,7_4_2009, 96 ,42832,,,,
0295,7_4_2009, 96 ,42832,,,,
0296,7_4_2009, 96 ,42832,,,,
0298,27_4_2009, 116 ,42852,,,,
0299,21_4_2009, 110 ,42846,,,,
0299,27_4_2009, 116 ,42852,,,,
0299,21_4_2013, 110 ,42846,,,,
0299,22_4_2013, 111 ,42847,,,,
0301,27_4_2009, 116 ,42852,,,,
0301,30_4_2009, 119 ,42855,,,,
0301,3_5_2010, 122 ,42858,,,,
0301,8_4_2015, 97 ,42833,,,,
0302,19_4_2009, 108 ,42844,,,,
0302,29_4_2009, 118 ,42854,,,,
0302,6_4_2010, 95 ,42831,,,,
0303,29_4_2009, 118 ,42854,,,,
0303,30_4_2009, 119 ,42855,,,,
0305,29_4_2009, 118 ,42854,,,,
0305,30_4_2009, 119 ,42855,,,,
0305,1_5_2009, 120 ,42856,,,,
0305,26_4_2012, 115 ,42851,,,,
0305,30_4_2013, 119 ,42855,,,,
0305,4_5_2013, 123 ,42859,,,,
0305,5_5_2013, 124 ,42860,,,,
0306,29_4_2009, 118 ,42854,,,,
0308,29_4_2009, 118 ,42854,,,,
0308,30_4_2009, 119 ,42855,,,,
0308,15_4_2011, 104 ,42840,,,,
0308,21_4_2013, 110 ,42846,,,,
0308,21_4_2014, 110 ,42846,,,,
0312,30_4_2009, 119 ,42855,,,,
0313,26_4_2009, 115 ,42851,,,,
0315,29_4_2009, 118 ,42854,,,,
0318,0_0_1994, 334 ,42704,,,,
0319,0_0_1994, 334 ,42704,,,,
0319,15_4_2012, 104 ,42840,,,,
0319,16_4_2012, 105 ,42841,,,,
0322,25_4_2009, 114 ,42850,,,,
0324,25_4_2009, 114 ,42850,,,,
0327,18_3_2010, 76 ,42812,,,,
0328,18_3_2010, 76 ,42812,,,,
0328,19_3_2012, 77 ,42813,,,,
0329,18_3_2010, 76 ,42812,,,,
0329,16_3_2012, 74 ,42810,,,,
0330,21_3_2010, 79 ,42815,,,,
0331,21_3_2010, 79 ,42815,,,,
0332,21_3_2010, 79 ,42815,,,,
0333,21_3_2010, 79 ,42815,,,,
0334,21_3_2010, 79 ,42815,,,,
0334,27_3_2011, 85 ,42821,,,,
0335,21_3_2010, 79 ,42815,,,,
0336,21_3_2010, 79 ,42815,,,,
0336,17_3_2012, 75 ,42811,,,,
0336,13_3_2013, 71 ,42807,,,,
0336,16_3_2014, 74 ,42810,,,,
0336,9_3_2015, 67 ,42803,,,,
0336,10_3_2015, 68 ,42804,,,,
0337,21_3_2010, 79 ,42815,,,,
0338,21_3_2010, 79 ,42815,,,,
0339,6_4_2010, 95 ,42831,,,,
0340,21_3_2010, 79 ,42815,,,,
0341,21_3_2010, 79 ,42815,,,,
0342,21_3_2010, 79 ,42815,,,,
0343,21_3_2010, 79 ,42815,,,,
0344,21_3_2010, 79 ,42815,,,,
0344,17_3_2012, 75 ,42811,,,,
0345,21_3_2010, 79 ,42815,,,,
0346,21_3_2010, 79 ,42815,,,,
0346,20_3_2014, 78 ,42814,,,,
0348,21_3_2010, 79 ,42815,,,,
0349,21_3_2010, 79 ,42815,,,,
0350,21_3_2010, 79 ,42815,,,,
0351,21_3_2010, 79 ,42815,,,,
0352,21_3_2010, 79 ,42815,,,,
0352,18_3_2017, 76 ,42812,,,,
0353,21_3_2010, 79 ,42815,,,,
0354,21_3_2010, 79 ,42815,,,,
0356,5_4_2010, 94 ,42830,,,,
0356,7_4_2010, 96 ,42832,,,,
0357,5_4_2010, 94 ,42830,,,,
0357,7_4_2010, 96 ,42832,,,,
0358,5_4_2010, 94 ,42830,,,,
0359,5_4_2010, 94 ,42830,,,,
0359,13_3_2013, 71 ,42807,,,,
0359,24_3_2016, 82 ,42818,,,,
0359,25_3_2017, 83 ,42819,,,,
0361,5_4_2010, 94 ,42830,,,,
0361,15_4_2012, 104 ,42840,,,,
0363,5_4_2010, 94 ,42830,,,,
0364,5_4_2010, 94 ,42830,,,,
0364,15_4_2012, 104 ,42840,,,,
0364,7_4_2014, 96 ,42832,,,,
0364,26_3_2017, 84 ,42820,,,,
0365,6_4_2010, 95 ,42831,,,,
0365,7_4_2010, 96 ,42832,,,,
0365,7_4_2013, 96 ,42832,,,,
0365,10_4_2013, 99 ,42835,,,,
0366,6_4_2010, 95 ,42831,,,,
0366,14_4_2016, 103 ,42839,,,,
0367,6_4_2010, 95 ,42831,,,,
0367,8_4_2013, 97 ,42833,,,,
0368,6_4_2010, 95 ,42831,,,,
0369,6_4_2010, 95 ,42831,,,,
0369,8_4_2010, 97 ,42833,,,,
0370,6_4_2010, 95 ,42831,,,,
0371,6_4_2010, 95 ,42831,,,,
0371,12_4_2014, 101 ,42837,,,,
0371,4_4_2016, 93 ,42829,,,,
0374,6_4_2010, 95 ,42831,,,,
0378,19_4_2010, 108 ,42844,,,,
0378,21_4_2012, 110 ,42846,,,,
0378,18_4_2013, 107 ,42843,,,,
0378,21_4_2013, 110 ,42846,,,,
0379,6_4_2010, 95 ,42831,,,,
0380,5_4_2010, 94 ,42830,,,,
0380,6_4_2010, 95 ,42831,,,,
0380,11_4_2014, 100 ,42836,,,,
0382,6_4_2010, 95 ,42831,,,,
0384,7_4_2010, 96 ,42832,,,,
0385,7_4_2010, 96 ,42832,,,,
0385,8_4_2010, 97 ,42833,,,,
0386,7_4_2010, 96 ,42832,,,,
0388,7_4_2010, 96 ,42832,,,,
0389,7_4_2010, 96 ,42832,,,,
0390,7_4_2010, 96 ,42832,,,,
0392,7_4_2010, 96 ,42832,,,,
0393,7_4_2010, 96 ,42832,,,,
0394,7_4_2010, 96 ,42832,,,,
0395,7_4_2010, 96 ,42832,,,,
0396,7_4_2010, 96 ,42832,,,,
0397,8_4_2010, 97 ,42833,,,,
0397,20_3_2015, 78 ,42814,,,,
0398,8_4_2010, 97 ,42833,,,,
0399,8_4_2010, 97 ,42833,,,,
0400,8_4_2010, 97 ,42833,,,,
0401,8_4_2010, 97 ,42833,,,,
0402,8_4_2010, 97 ,42833,,,,
0402,15_4_2012, 104 ,42840,,,,
0402,19_4_2012, 108 ,42844,,,,
0402,8_4_2013, 97 ,42833,,,,
0402,9_4_2013, 98 ,42834,,,,
0402,4_4_2016, 93 ,42829,,,,
0403,8_4_2010, 97 ,42833,,,,
0404,8_4_2010, 97 ,42833,,,,
0405,8_4_2010, 97 ,42833,,,,
0406,8_4_2010, 97 ,42833,,,,
0407,9_4_2010, 98 ,42834,,,,
0408,9_4_2010, 98 ,42834,,,,
0409,9_4_2010, 98 ,42834,,,,
0410,9_4_2010, 98 ,42834,,,,
0411,9_4_2010, 98 ,42834,,,,
0412,10_4_2010, 99 ,42835,,,,
0412,8_4_2013, 97 ,42833,,,,
0414,12_4_2010, 101 ,42837,,,,
0415,12_4_2010, 101 ,42837,,,,
0415,15_4_2011, 104 ,42840,,,,
0415,21_4_2012, 110 ,42846,,,,
0415,10_4_2015, 99 ,42835,,,,
0415,14_4_2016, 103 ,42839,,,,
0416,12_4_2010, 101 ,42837,,,,
0417,12_4_2010, 101 ,42837,,,,
0417,21_4_2013, 110 ,42846,,,,
0418,12_4_2010, 101 ,42837,,,,
0418,13_4_2010, 102 ,42838,,,,
0419,12_4_2010, 101 ,42837,,,,
0420,12_4_2010, 101 ,42837,,,,
0421,12_4_2010, 101 ,42837,,,,
0421,13_4_2016, 102 ,42838,,,,
0421,14_4_2016, 103 ,42839,,,,
0422,12_4_2010, 101 ,42837,,,,
0424,13_4_2010, 102 ,42838,,,,
0425,12_4_2010, 101 ,42837,,,,
0426,20_4_2008, 109 ,42845,,,,
0426,12_4_2010, 101 ,42837,,,,
0426,13_4_2010, 102 ,42838,,,,
0426,17_4_2011, 106 ,42842,,,,
0427,12_4_2010, 101 ,42837,,,,
0428,21_4_2010, 110 ,42846,,,,
0429,21_4_2010, 110 ,42846,,,,
0430,21_4_2010, 110 ,42846,,,,
0431,22_4_2010, 111 ,42847,,,,
0434,22_4_2010, 111 ,42847,,,,
0435,2_5_2010, 121 ,42857,,,,
0436,3_5_2010, 122 ,42858,,,,
0437,6_5_2010, 125 ,42861,,,,
0438,7_5_2010, 126 ,42862,,,,
0439,7_5_2010, 126 ,42862,,,,
0440,14_5_2010, 133 ,42869,,,,
0441,14_5_2010, 133 ,42869,,,,
0441,23_4_2016, 112 ,42848,,,,
0442,14_5_2010, 133 ,42869,,,,
0444,18_3_2010, 76 ,42812,,,,
0445,12_3_2006, 70 ,42806,,,,
0446,1_4_2006, 90 ,42826,,,,
0447,2_4_2006, 91 ,42827,,,,
0448,15_4_2006, 104 ,42840,,,,
0448,28_3_2011, 86 ,42822,,,,
0448,2_5_2012, 121 ,42857,,,,
0448,22_3_2015, 80 ,42816,,,,
0449,15_4_2006, 104 ,42840,,,,
0450,24_4_2007, 113 ,42849,,,,
0450,15_4_2011, 104 ,42840,,,,
0450,19_4_2013, 108 ,42844,,,,
0450,11_4_2014, 100 ,42836,,,,
0451,27_4_2007, 116 ,42852,,,,
0452,20_4_2008, 109 ,42845,,,,
0454,29_4_2008, 118 ,42854,,,,
0455,29_4_2008, 118 ,42854,,,,
0456,1_4_2006, 90 ,42826,,,,
0457,22_1_2011, 21 ,42757,,,,
0458,21_4_2010, 110 ,42846,,,,
0489,19_3_2011, 77 ,42813,,,,
0489,8_3_2017, 66 ,42802,,,,
0492,19_3_2011, 77 ,42813,,,,
0493,19_3_2011, 77 ,42813,,,,
0494,19_3_2011, 77 ,42813,,,,
0496,19_3_2011, 77 ,42813,,,,
0498,14_3_2011, 72 ,42808,,,,
0498,17_3_2012, 75 ,42811,,,,
0499,14_3_2011, 72 ,42808,,,,
0500,13_3_2011, 71 ,42807,,,,
0501,14_3_2011, 72 ,42808,,,,
0502,14_3_2011, 72 ,42808,,,,
0502,19_3_2011, 77 ,42813,,,,
0503,14_3_2011, 72 ,42808,,,,
0504,14_3_2011, 72 ,42808,,,,
0504,15_3_2011, 73 ,42809,,,,
0505,14_3_2011, 72 ,42808,,,,
0506,14_3_2011, 72 ,42808,,,,
0506,20_3_2015, 78 ,42814,,,,
0507,15_3_2011, 73 ,42809,,,,
0508,15_3_2011, 73 ,42809,,,,
0509,15_3_2011, 73 ,42809,,,,
0510,15_3_2011, 73 ,42809,,,,
0511,15_3_2011, 73 ,42809,,,,
0512,15_3_2011, 73 ,42809,,,,
0512,19_3_2011, 77 ,42813,,,,
0513,15_3_2011, 73 ,42809,,,,
0514,15_3_2011, 73 ,42809,,,,
0514,17_3_2012, 75 ,42811,,,,
0514,22_3_2012, 80 ,42816,,,,
0514,12_3_2017, 70 ,42806,,,,
0515,15_3_2011, 73 ,42809,,,,
0516,15_3_2011, 73 ,42809,,,,
0517,14_3_2011, 72 ,42808,,,,
0520,16_3_2011, 74 ,42810,,,,
0521,15_3_2011, 73 ,42809,,,,
0525,15_3_2011, 73 ,42809,,,,
0526,15_3_2011, 73 ,42809,,,,
0527,19_3_2011, 77 ,42813,,,,
0528,19_3_2011, 77 ,42813,,,,
0530,26_3_2011, 84 ,42820,,,,
0530,9_3_2015, 67 ,42803,,,,
0531,26_3_2011, 84 ,42820,,,,
0531,14_1_2017, 13 ,42749,,,,
0532,26_3_2011, 84 ,42820,,,,
0534,26_3_2011, 84 ,42820,,,,
0535,26_3_2011, 84 ,42820,,,,
0535,27_3_2011, 85 ,42821,,,,
0536,26_3_2011, 84 ,42820,,,,
0537,26_3_2011, 84 ,42820,,,,
0538,26_3_2011, 84 ,42820,,,,
0539,26_3_2011, 84 ,42820,,,,
0540,26_3_2011, 84 ,42820,,,,
0540,27_3_2011, 85 ,42821,,,,
0546,28_3_2011, 86 ,42822,,,,
0546,30_3_2011, 88 ,42824,,,,
0546,19_3_2012, 77 ,42813,,,,
0546,21_3_2012, 79 ,42815,,,,
0547,28_3_2011, 86 ,42822,,,,
0547,30_3_2011, 88 ,42824,,,,
0548,30_3_2011, 88 ,42824,,,,
0549,30_3_2011, 88 ,42824,,,,
0552,30_3_2011, 88 ,42824,,,,
0553,30_3_2011, 88 ,42824,,,,
0554,30_3_2011, 88 ,42824,,,,
0555,30_3_2011, 88 ,42824,,,,
0556,30_3_2011, 88 ,42824,,,,
0557,30_3_2011, 88 ,42824,,,,
0558,30_3_2011, 88 ,42824,,,,
0559,30_3_2011, 88 ,42824,,,,
0561,30_3_2011, 88 ,42824,,,,
0563,30_3_2011, 88 ,42824,,,,
0563,4_4_2011, 93 ,42829,,,,
0564,19_4_2009, 108 ,42844,,,,
0564,30_3_2011, 88 ,42824,,,,
0564,4_4_2013, 93 ,42829,,,,
0565,4_4_2011, 93 ,42829,,,,
0567,4_4_2011, 93 ,42829,,,,
0567,7_4_2011, 96 ,42832,,,,
0569,4_4_2011, 93 ,42829,,,,
0570,4_4_2011, 93 ,42829,,,,
0570,3_4_2015, 92 ,42828,,,,
0571,7_4_2011, 96 ,42832,,,,
0572,7_4_2011, 96 ,42832,,,,
0573,7_4_2011, 96 ,42832,,,,
0575,7_4_2011, 96 ,42832,,,,
0576,7_4_2011, 96 ,42832,,,,
0577,7_4_2011, 96 ,42832,,,,
0578,7_4_2011, 96 ,42832,,,,
0579,7_4_2011, 96 ,42832,,,,
0580,7_4_2011, 96 ,42832,,,,
0581,8_4_2011, 97 ,42833,,,,
0582,8_3_2011, 66 ,42802,,,,
0582,8_4_2011, 97 ,42833,,,,
0583,26_3_2011, 84 ,42820,,,,
0584,4_4_2011, 93 ,42829,,,,
0586,13_4_2011, 102 ,42838,,,,
0587,13_4_2011, 102 ,42838,,,,
0588,13_4_2011, 102 ,42838,,,,
0589,13_4_2011, 102 ,42838,,,,
0589,15_4_2011, 104 ,42840,,,,
0589,20_4_2011, 109 ,42845,,,,
0589,15_4_2013, 104 ,42840,,,,
0589,14_4_2016, 103 ,42839,,,,
0590,13_4_2011, 102 ,42838,,,,
0590,13_4_2013, 102 ,42838,,,,
0590,11_4_2014, 100 ,42836,,,,
0590,12_4_2014, 101 ,42837,,,,
0591,13_4_2011, 102 ,42838,,,,
0594,13_4_2011, 102 ,42838,,,,
0595,13_4_2011, 102 ,42838,,,,
0596,13_4_2011, 102 ,42838,,,,
0597,15_4_2011, 104 ,42840,,,,
0597,19_4_2014, 108 ,42844,,,,
0598,15_4_2011, 104 ,42840,,,,
0600,15_4_2011, 104 ,42840,,,,
0603,15_4_2011, 104 ,42840,,,,
0605,15_4_2011, 104 ,42840,,,,
0607,15_4_2011, 104 ,42840,,,,
0607,17_4_2011, 106 ,42842,,,,
0610,15_4_2011, 104 ,42840,,,,
0610,18_4_2011, 107 ,42843,,,,
0615,15_4_2011, 104 ,42840,,,,
0615,23_3_2015, 81 ,42817,,,,
0620,17_4_2011, 106 ,42842,,,,
0621,17_4_2011, 106 ,42842,,,,
0622,17_4_2011, 106 ,42842,,,,
0623,17_4_2011, 106 ,42842,,,,
0627,17_4_2011, 106 ,42842,,,,
0629,17_4_2011, 106 ,42842,,,,
0633,17_4_2011, 106 ,42842,,,,
0636,18_4_2011, 107 ,42843,,,,
0638,18_4_2011, 107 ,42843,,,,
0639,18_4_2011, 107 ,42843,,,,
0639,27_4_2016, 116 ,42852,,,,
0640,18_4_2011, 107 ,42843,,,,
0641,18_4_2011, 107 ,42843,,,,
0642,18_4_2011, 107 ,42843,,,,
0643,18_4_2011, 107 ,42843,,,,
0645,20_4_2011, 109 ,42845,,,,
0645,14_4_2012, 103 ,42839,,,,
0648,20_4_2011, 109 ,42845,,,,
0650,20_4_2011, 109 ,42845,,,,
0651,19_4_2011, 108 ,42844,,,,
0651,20_4_2011, 109 ,42845,,,,
0651,21_4_2011, 110 ,42846,,,,
0651,24_4_2011, 113 ,42849,,,,
0651,19_4_2013, 108 ,42844,,,,
0651,21_4_2013, 110 ,42846,,,,
0651,27_4_2016, 116 ,42852,,,,
0651,29_4_2016, 118 ,42854,,,,
0651,30_4_2016, 119 ,42855,,,,
0651,2_5_2016, 121 ,42857,,,,
0652,20_4_2011, 109 ,42845,,,,
0652,9_4_2017, 98 ,42834,,,,
0653,20_4_2011, 109 ,42845,,,,
0653,19_4_2014, 108 ,42844,,,,
0654,26_4_2011, 115 ,42851,,,,
0655,26_4_2011, 115 ,42851,,,,
0655,10_4_2013, 99 ,42835,,,,
0655,25_3_2017, 83 ,42819,,,,
0657,26_4_2011, 115 ,42851,,,,
0659,24_4_2011, 113 ,42849,,,,
0662,20_4_2011, 109 ,42845,,,,
0663,5_5_2011, 124 ,42860,,,,
0664,5_5_2011, 124 ,42860,,,,
0665,5_5_2011, 124 ,42860,,,,
0665,19_4_2012, 108 ,42844,,,,
0665,23_2_2016, 53 ,42789,,,,
0666,5_4_2009, 94 ,42830,,,,
0667,13_4_2010, 102 ,42838,,,,
0689,13_4_2006, 102 ,42838,,,,
0690,9_1_2012, 8 ,42744,,,,
0691,12_4_2010, 101 ,42837,,,,
0692,15_3_2011, 73 ,42809,,,,
0693,21_1_2012, 20 ,42756,,,,
0700,21_1_2012, 20 ,42756,,,,
0700,23_1_2012, 22 ,42758,,,,
0701,21_1_2012, 20 ,42756,,,,
0703,23_1_2012, 22 ,42758,,,,
0704,20_1_2012, 19 ,42755,,,,
0705,1_2_2012, 31 ,42767,,,,
0706,1_2_2012, 31 ,42767,,,,
0707,29_2_2012, 59 ,42795,,,,
0708,29_2_2012, 59 ,42795,,,,
0709,29_2_2012, 59 ,42795,,,,
0710,29_2_2012, 59 ,42795,,,,
0711,29_2_2012, 59 ,42795,,,,
0713,29_2_2012, 59 ,42795,,,,
0714,29_2_2012, 59 ,42795,,,,
0715,29_2_2012, 59 ,42795,,,,
0717,29_2_2012, 59 ,42795,,,,
0718,29_2_2012, 59 ,42795,,,,
0719,29_2_2012, 59 ,42795,,,,
0720,13_3_2012, 71 ,42807,,,,
0721,13_3_2012, 71 ,42807,,,,
0721,14_3_2012, 72 ,42808,,,,
0722,13_3_2012, 71 ,42807,,,,
0723,13_3_2012, 71 ,42807,,,,
0723,15_3_2012, 73 ,42809,,,,
0724,13_3_2012, 71 ,42807,,,,
0728,14_3_2012, 72 ,42808,,,,
0728,15_3_2012, 73 ,42809,,,,
0728,19_3_2012, 77 ,42813,,,,
0728,16_8_2016, 227 ,42963,,,,
0730,14_3_2012, 72 ,42808,,,,
0731,14_3_2012, 72 ,42808,,,,
0732,14_3_2012, 72 ,42808,,,,
0732,16_3_2012, 74 ,42810,,,,
0734,14_3_2012, 72 ,42808,,,,
0735,14_3_2012, 72 ,42808,,,,
0735,15_3_2012, 73 ,42809,,,,
0735,18_3_2017, 76 ,42812,,,,
0736,14_3_2012, 72 ,42808,,,,
0736,15_3_2012, 73 ,42809,,,,
0736,13_3_2013, 71 ,42807,,,,
0736,10_3_2015, 68 ,42804,,,,
0737,14_3_2012, 72 ,42808,,,,
0738,14_3_2012, 72 ,42808,,,,
0741,14_3_2012, 72 ,42808,,,,
0742,14_3_2012, 72 ,42808,,,,
0743,14_3_2012, 72 ,42808,,,,
0744,14_3_2012, 72 ,42808,,,,
0745,14_3_2012, 72 ,42808,,,,
0746,14_3_2012, 72 ,42808,,,,
0747,14_3_2012, 72 ,42808,,,,
0748,14_3_2012, 72 ,42808,,,,
0749,14_3_2012, 72 ,42808,,,,
0749,21_3_2012, 79 ,42815,,,,
0749,16_3_2014, 74 ,42810,,,,
0749,16_5_2014, 135 ,42871,,,,
0750,15_3_2012, 73 ,42809,,,,
0751,15_3_2012, 73 ,42809,,,,
0752,15_3_2012, 73 ,42809,,,,
0752,16_3_2012, 74 ,42810,,,,
0754,15_3_2012, 73 ,42809,,,,
0758,15_3_2012, 73 ,42809,,,,
0758,17_3_2012, 75 ,42811,,,,
0758,22_3_2012, 80 ,42816,,,,
0758,18_3_2017, 76 ,42812,,,,
0759,15_3_2012, 73 ,42809,,,,
0761,15_3_2012, 73 ,42809,,,,
0765,16_3_2012, 74 ,42810,,,,
0767,15_3_2012, 73 ,42809,,,,
0767,16_3_2012, 74 ,42810,,,,
0767,19_3_2012, 77 ,42813,,,,
0767,16_3_2014, 74 ,42810,,,,
0768,16_3_2012, 74 ,42810,,,,
0772,16_3_2012, 74 ,42810,,,,
0773,16_3_2012, 74 ,42810,,,,
0774,16_3_2012, 74 ,42810,,,,
0778,16_3_2012, 74 ,42810,,,,
0781,16_3_2012, 74 ,42810,,,,
0781,17_3_2012, 75 ,42811,,,,
0783,17_3_2012, 75 ,42811,,,,
0784,17_3_2012, 75 ,42811,,,,
0784,21_3_2012, 79 ,42815,,,,
0785,17_3_2012, 75 ,42811,,,,
0786,17_3_2012, 75 ,42811,,,,
0787,17_3_2012, 75 ,42811,,,,
0789,17_3_2012, 75 ,42811,,,,
0790,15_3_2012, 73 ,42809,,,,
0790,17_3_2012, 75 ,42811,,,,
0791,15_3_2012, 73 ,42809,,,,
0791,17_3_2012, 75 ,42811,,,,
0792,17_3_2012, 75 ,42811,,,,
0793,17_3_2012, 75 ,42811,,,,
0795,17_3_2012, 75 ,42811,,,,
0796,17_3_2012, 75 ,42811,,,,
0797,18_3_2012, 76 ,42812,,,,
0798,18_3_2012, 76 ,42812,,,,
0800,18_3_2012, 76 ,42812,,,,
0801,18_3_2012, 76 ,42812,,,,
0803,18_3_2012, 76 ,42812,,,,
0806,18_3_2012, 76 ,42812,,,,
0807,18_3_2012, 76 ,42812,,,,
0809,18_3_2012, 76 ,42812,,,,
0810,19_3_2012, 77 ,42813,,,,
0811,19_3_2012, 77 ,42813,,,,
0812,19_3_2012, 77 ,42813,,,,
0813,19_3_2012, 77 ,42813,,,,
0814,19_3_2012, 77 ,42813,,,,
0815,19_3_2012, 77 ,42813,,,,
0818,19_3_2012, 77 ,42813,,,,
0819,19_3_2012, 77 ,42813,,,,
0820,19_3_2012, 77 ,42813,,,,
0820,8_4_2013, 97 ,42833,,,,
0821,19_3_2012, 77 ,42813,,,,
0825,19_3_2012, 77 ,42813,,,,
0826,19_3_2012, 77 ,42813,,,,
0827,19_3_2012, 77 ,42813,,,,
0829,21_3_2012, 79 ,42815,,,,
0830,21_3_2012, 79 ,42815,,,,
0831,21_3_2012, 79 ,42815,,,,
0832,21_3_2012, 79 ,42815,,,,
0833,21_3_2012, 79 ,42815,,,,
0835,21_3_2012, 79 ,42815,,,,
0835,3_4_2013, 92 ,42828,,,,
0836,21_3_2012, 79 ,42815,,,,
0837,21_3_2012, 79 ,42815,,,,
0839,21_3_2012, 79 ,42815,,,,
0840,21_3_2012, 79 ,42815,,,,
0842,21_3_2012, 79 ,42815,,,,
0843,21_3_2012, 79 ,42815,,,,
0843,23_3_2015, 81 ,42817,,,,
0843,8_3_2017, 66 ,42802,,,,
0845,21_3_2012, 79 ,42815,,,,
0846,21_3_2012, 79 ,42815,,,,
0846,24_3_2013, 82 ,42818,,,,
0847,24_3_2012, 82 ,42818,,,,
0848,23_3_2012, 81 ,42817,,,,
0848,24_3_2012, 82 ,42818,,,,
0848,25_3_2012, 83 ,42819,,,,
0849,24_3_2012, 82 ,42818,,,,
0851,24_3_2012, 82 ,42818,,,,
0852,21_3_2012, 79 ,42815,,,,
0852,14_8_2016, 225 ,42961,,,,
0855,25_3_2012, 83 ,42819,,,,
0856,25_3_2012, 83 ,42819,,,,
0856,9_4_2013, 98 ,42834,,,,
0857,25_3_2012, 83 ,42819,,,,
0858,16_3_2012, 74 ,42810,,,,
0859,9_4_2012, 98 ,42834,,,,
0860,9_4_2012, 98 ,42834,,,,
0860,11_4_2012, 100 ,42836,,,,
0860,15_4_2012, 104 ,42840,,,,
0861,9_4_2012, 98 ,42834,,,,
0862,9_4_2012, 98 ,42834,,,,
0863,9_4_2012, 98 ,42834,,,,
0863,9_5_2014, 128 ,42864,,,,
0863,9_4_2015, 98 ,42834,,,,
0864,9_4_2012, 98 ,42834,,,,
0865,9_4_2012, 98 ,42834,,,,
0866,9_4_2012, 98 ,42834,,,,
0867,9_4_2012, 98 ,42834,,,,
0868,9_4_2012, 98 ,42834,,,,
0869,9_4_2012, 98 ,42834,,,,
0870,9_4_2012, 98 ,42834,,,,
0872,9_4_2012, 98 ,42834,,,,
0874,11_4_2012, 100 ,42836,,,,
0876,17_3_2012, 75 ,42811,,,,
0877,14_4_2012, 103 ,42839,,,,
0877,8_4_2015, 97 ,42833,,,,
0879,15_4_2012, 104 ,42840,,,,
0880,15_4_2012, 104 ,42840,,,,
0881,15_4_2012, 104 ,42840,,,,
0882,15_4_2012, 104 ,42840,,,,
0883,15_4_2012, 104 ,42840,,,,
0884,15_4_2012, 104 ,42840,,,,
0885,15_4_2012, 104 ,42840,,,,
0885,26_3_2017, 84 ,42820,,,,
0886,15_4_2012, 104 ,42840,,,,
0887,15_4_2012, 104 ,42840,,,,
0889,15_4_2012, 104 ,42840,,,,
0889,9_4_2013, 98 ,42834,,,,
0889,10_4_2013, 99 ,42835,,,,
0889,23_3_2015, 81 ,42817,,,,
0889,15_4_2015, 104 ,42840,,,,
0890,15_4_2012, 104 ,42840,,,,
0890,10_4_2015, 99 ,42835,,,,
0891,15_4_2012, 104 ,42840,,,,
0892,15_4_2012, 104 ,42840,,,,
0893,15_4_2012, 104 ,42840,,,,
0893,19_4_2013, 108 ,42844,,,,
0896,15_4_2012, 104 ,42840,,,,
0896,16_4_2012, 105 ,42841,,,,
0896,21_4_2013, 110 ,42846,,,,
0897,15_4_2012, 104 ,42840,,,,
0898,12_4_2012, 101 ,42837,,,,
0898,15_4_2012, 104 ,42840,,,,
0899,15_4_2012, 104 ,42840,,,,
0899,9_4_2013, 98 ,42834,,,,
0899,23_3_2015, 81 ,42817,,,,
0901,15_4_2012, 104 ,42840,,,,
0902,15_4_2012, 104 ,42840,,,,
0903,15_4_2012, 104 ,42840,,,,
0905,16_4_2012, 105 ,42841,,,,
0907,16_4_2012, 105 ,42841,,,,
0908,16_4_2012, 105 ,42841,,,,
0910,18_4_2012, 107 ,42843,,,,
0910,29_4_2016, 118 ,42854,,,,
0911,18_4_2012, 107 ,42843,,,,
0912,18_4_2012, 107 ,42843,,,,
0913,18_4_2012, 107 ,42843,,,,
0914,18_4_2012, 107 ,42843,,,,
0917,12_3_2012, 70 ,42806,,,,
0917,23_3_2012, 81 ,42817,,,,
0920,16_4_2012, 105 ,42841,,,,
0921,16_4_2012, 105 ,42841,,,,
0923,19_4_2012, 108 ,42844,,,,
0924,19_4_2012, 108 ,42844,,,,
0924,20_4_2012, 109 ,42845,,,,
0924,16_4_2017, 105 ,42841,,,,
0924,22_4_2017, 111 ,42847,,,,
0925,18_4_2012, 107 ,42843,,,,
0925,19_4_2012, 108 ,42844,,,,
0925,20_4_2012, 109 ,42845,,,,
0925,15_4_2013, 104 ,42840,,,,
0925,18_4_2013, 107 ,42843,,,,
0925,19_4_2013, 108 ,42844,,,,
0929,19_4_2012, 108 ,42844,,,,
0931,20_4_2012, 109 ,42845,,,,
0932,20_4_2012, 109 ,42845,,,,
0932,21_4_2012, 110 ,42846,,,,
0933,20_4_2012, 109 ,42845,,,,
0934,20_4_2012, 109 ,42845,,,,
0938,21_4_2012, 110 ,42846,,,,
0940,21_4_2012, 110 ,42846,,,,
0941,21_4_2012, 110 ,42846,,,,
0942,21_4_2012, 110 ,42846,,,,
0945,22_4_2012, 111 ,42847,,,,
0946,19_4_2012, 108 ,42844,,,,
0947,23_4_2012, 112 ,42848,,,,
0948,21_4_2012, 110 ,42846,,,,
0950,21_4_2012, 110 ,42846,,,,
0951,22_4_2012, 111 ,42847,,,,
0952,26_4_2012, 115 ,42851,,,,
0952,21_4_2013, 110 ,42846,,,,
0955,21_4_2012, 110 ,42846,,,,
0956,2_5_2012, 121 ,42857,,,,
0957,19_3_2012, 77 ,42813,,,,
1001,9_1_2013, 8 ,42744,,,,
1002,14_1_2013, 13 ,42749,,,,
1003,15_1_2013, 14 ,42750,,,,
1004,15_1_2013, 14 ,42750,,,,
1005,15_1_2013, 14 ,42750,,,,
1006,16_1_2013, 15 ,42751,,,,
1007,16_1_2013, 15 ,42751,,,,
1008,16_1_2013, 15 ,42751,,,,
1009,15_1_2013, 14 ,42750,,,,
1010,26_2_2013, 56 ,42792,,,,
1011,26_2_2013, 56 ,42792,,,,
1012,13_3_2013, 71 ,42807,,,,
1015,13_3_2013, 71 ,42807,,,,
1016,13_3_2013, 71 ,42807,,,,
1017,13_3_2013, 71 ,42807,,,,
1018,13_3_2013, 71 ,42807,,,,
1022,14_3_2013, 72 ,42808,,,,
1023,18_3_2013, 76 ,42812,,,,
1024,18_3_2013, 76 ,42812,,,,
1025,18_3_2013, 76 ,42812,,,,
1026,18_3_2013, 76 ,42812,,,,
1027,24_3_2013, 82 ,42818,,,,
1028,24_3_2013, 82 ,42818,,,,
1029,24_3_2013, 82 ,42818,,,,
1030,24_3_2013, 82 ,42818,,,,
1030,23_3_2016, 81 ,42817,,,,
1032,24_3_2013, 82 ,42818,,,,
1033,24_3_2013, 82 ,42818,,,,
1036,24_3_2013, 82 ,42818,,,,
1037,24_3_2013, 82 ,42818,,,,
1039,3_3_2013, 61 ,42797,,,,
1039,31_3_2013, 89 ,42825,,,,
1042,31_3_2013, 89 ,42825,,,,
1043,31_3_2013, 89 ,42825,,,,
1044,31_3_2013, 89 ,42825,,,,
1045,31_3_2013, 89 ,42825,,,,
1047,3_4_2013, 92 ,42828,,,,
1048,3_4_2013, 92 ,42828,,,,
1049,10_4_2013, 99 ,42835,,,,
1051,3_4_2013, 92 ,42828,,,,
1052,3_4_2013, 92 ,42828,,,,
1053,3_4_2013, 92 ,42828,,,,
1055,3_4_2013, 92 ,42828,,,,
1056,3_4_2013, 92 ,42828,,,,
1060,3_4_2013, 92 ,42828,,,,
1065,3_4_2013, 92 ,42828,,,,
1066,3_4_2013, 92 ,42828,,,,
1069,3_4_2013, 92 ,42828,,,,
1074,3_4_2013, 92 ,42828,,,,
1076,3_4_2013, 92 ,42828,,,,
1077,3_4_2013, 92 ,42828,,,,
1077,9_4_2017, 98 ,42834,,,,
1079,3_4_2013, 92 ,42828,,,,
1080,3_4_2013, 92 ,42828,,,,
1081,3_4_2013, 92 ,42828,,,,
1084,4_4_2013, 93 ,42829,,,,
1084,8_4_2013, 97 ,42833,,,,
1085,4_4_2013, 93 ,42829,,,,
1086,4_4_2013, 93 ,42829,,,,
1087,3_4_2013, 92 ,42828,,,,
1089,8_4_2013, 97 ,42833,,,,
1090,8_4_2013, 97 ,42833,,,,
1092,8_4_2013, 97 ,42833,,,,
1093,8_4_2013, 97 ,42833,,,,
1094,8_4_2013, 97 ,42833,,,,
1094,3_4_2015, 92 ,42828,,,,
1099,8_4_2013, 97 ,42833,,,,
1100,9_4_2013, 98 ,42834,,,,
1101,9_4_2013, 98 ,42834,,,,
1103,9_4_2013, 98 ,42834,,,,
1107,9_4_2013, 98 ,42834,,,,
1107,10_4_2013, 99 ,42835,,,,
1111,9_4_2013, 98 ,42834,,,,
1112,9_4_2013, 98 ,42834,,,,
1113,9_4_2013, 98 ,42834,,,,
1114,9_4_2013, 98 ,42834,,,,
1115,9_4_2013, 98 ,42834,,,,
1116,9_4_2013, 98 ,42834,,,,
1117,10_4_2013, 99 ,42835,,,,
1120,10_4_2013, 99 ,42835,,,,
1121,10_4_2013, 99 ,42835,,,,
1122,10_4_2013, 99 ,42835,,,,
1123,10_4_2013, 99 ,42835,,,,
1123,11_4_2013, 100 ,42836,,,,
1126,10_4_2013, 99 ,42835,,,,
1126,12_4_2014, 101 ,42837,,,,
1127,10_4_2013, 99 ,42835,,,,
1129,10_4_2013, 99 ,42835,,,,
1130,10_4_2013, 99 ,42835,,,,
1130,7_4_2014, 96 ,42832,,,,
1131,11_4_2013, 100 ,42836,,,,
1132,10_4_2013, 99 ,42835,,,,
1132,11_4_2013, 100 ,42836,,,,
1137,11_4_2013, 100 ,42836,,,,
1137,10_4_2015, 99 ,42835,,,,
1139,11_4_2013, 100 ,42836,,,,
1140,11_4_2013, 100 ,42836,,,,
1141,10_4_2013, 99 ,42835,,,,
1142,10_4_2013, 99 ,42835,,,,
1143,10_4_2013, 99 ,42835,,,,
1144,10_4_2013, 99 ,42835,,,,
1146,11_4_2013, 100 ,42836,,,,
1148,11_4_2013, 100 ,42836,,,,
1150,12_4_2013, 101 ,42837,,,,
1151,12_4_2013, 101 ,42837,,,,
1152,12_4_2013, 101 ,42837,,,,
1153,12_4_2013, 101 ,42837,,,,
1154,12_4_2013, 101 ,42837,,,,
1155,12_4_2013, 101 ,42837,,,,
1156,12_4_2013, 101 ,42837,,,,
1156,12_4_2014, 101 ,42837,,,,
1156,14_4_2014, 103 ,42839,,,,
1157,12_4_2013, 101 ,42837,,,,
1158,12_4_2013, 101 ,42837,,,,
1159,12_4_2013, 101 ,42837,,,,
1160,15_4_2013, 104 ,42840,,,,
1162,15_4_2013, 104 ,42840,,,,
1165,15_4_2013, 104 ,42840,,,,
1165,8_4_2015, 97 ,42833,,,,
1167,15_4_2013, 104 ,42840,,,,
1168,15_4_2013, 104 ,42840,,,,
1169,15_4_2013, 104 ,42840,,,,
1173,18_4_2013, 107 ,42843,,,,
1173,21_4_2013, 110 ,42846,,,,
1176,18_4_2013, 107 ,42843,,,,
1177,18_4_2013, 107 ,42843,,,,
1178,18_4_2013, 107 ,42843,,,,
1180,18_4_2013, 107 ,42843,,,,
1181,18_4_2013, 107 ,42843,,,,
1181,19_4_2013, 108 ,42844,,,,
1181,11_4_2015, 100 ,42836,,,,
1181,23_3_2016, 81 ,42817,,,,
1181,19_4_2016, 108 ,42844,,,,
1182,19_4_2013, 108 ,42844,,,,
1182,27_4_2016, 116 ,42852,,,,
1182,2_5_2016, 121 ,42857,,,,
1182,3_5_2016, 122 ,42858,,,,
1183,19_4_2013, 108 ,42844,,,,
1184,19_4_2013, 108 ,42844,,,,
1185,19_4_2013, 108 ,42844,,,,
1185,12_4_2014, 101 ,42837,,,,
1185,15_4_2015, 104 ,42840,,,,
1187,19_4_2013, 108 ,42844,,,,
1188,19_4_2013, 108 ,42844,,,,
1188,20_4_2013, 109 ,42845,,,,
1188,21_4_2013, 110 ,42846,,,,
1189,19_4_2013, 108 ,42844,,,,
1190,19_4_2013, 108 ,42844,,,,
1191,19_4_2013, 108 ,42844,,,,
1192,19_4_2013, 108 ,42844,,,,
1193,19_4_2013, 108 ,42844,,,,
1193,21_4_2013, 110 ,42846,,,,
1194,19_4_2013, 108 ,42844,,,,
1195,19_4_2013, 108 ,42844,,,,
1196,19_4_2013, 108 ,42844,,,,
1196,12_4_2014, 101 ,42837,,,,
1197,19_4_2013, 108 ,42844,,,,
1197,11_4_2014, 100 ,42836,,,,
1197,8_3_2017, 66 ,42802,,,,
1199,19_4_2013, 108 ,42844,,,,
1199,20_4_2013, 109 ,42845,,,,
1199,21_4_2013, 110 ,42846,,,,
1200,20_4_2013, 109 ,42845,,,,
1202,21_4_2013, 110 ,42846,,,,
1203,21_4_2013, 110 ,42846,,,,
1204,21_4_2013, 110 ,42846,,,,
1211,21_4_2013, 110 ,42846,,,,
1213,21_4_2013, 110 ,42846,,,,
1214,21_4_2013, 110 ,42846,,,,
1215,21_4_2013, 110 ,42846,,,,
1215,23_4_2017, 112 ,42848,,,,
1226,22_4_2013, 111 ,42847,,,,
1226,7_4_2014, 96 ,42832,,,,
1226,8_4_2014, 97 ,42833,,,,
1227,7_4_2013, 96 ,42832,,,,
1227,21_4_2013, 110 ,42846,,,,
1228,27_4_2013, 116 ,42852,,,,
1228,1_5_2013, 120 ,42856,,,,
1228,19_4_2014, 108 ,42844,,,,
1229,27_4_2013, 116 ,42852,,,,
1229,22_4_2015, 111 ,42847,,,,
1229,23_4_2015, 112 ,42848,,,,
1229,2_5_2016, 121 ,42857,,,,
1229,9_5_2016, 128 ,42864,,,,
1229,22_4_2017, 111 ,42847,,,,
1230,27_4_2013, 116 ,42852,,,,
1230,23_4_2015, 112 ,42848,,,,
1231,30_4_2013, 119 ,42855,,,,
1232,30_4_2013, 119 ,42855,,,,
1233,1_5_2015, 120 ,42856,,,,
1234,5_5_2013, 124 ,42860,,,,
1235,5_5_2013, 124 ,42860,,,,
1236,5_5_2013, 124 ,42860,,,,
1237,5_5_2013, 124 ,42860,,,,
1238,5_5_2013, 124 ,42860,,,,
1300,20_1_2014, 19 ,42755,,,,
1300,23_1_2014, 22 ,42758,,,,
1300,25_1_2014, 24 ,42760,,,,
1300,1_2_2014, 31 ,42767,,,,
1300,10_3_2016, 68 ,42804,,,,
1301,1_2_2014, 31 ,42767,,,,
1302,1_2_2014, 31 ,42767,,,,
1303,1_2_2014, 31 ,42767,,,,
1304,1_2_2014, 31 ,42767,,,,
1305,4_2_2014, 34 ,42770,,,,
1306,8_2_2014, 38 ,42774,,,,
1307,18_2_2014, 48 ,42784,,,,
1308,18_2_2014, 48 ,42784,,,,
1309,5_3_2014, 63 ,42799,,,,
1310,5_3_2014, 63 ,42799,,,,
1311,5_3_2014, 63 ,42799,,,,
1312,15_3_2014, 73 ,42809,,,,
1314,15_3_2014, 73 ,42809,,,,
1316,15_3_2014, 73 ,42809,,,,
1317,15_3_2014, 73 ,42809,,,,
1318,15_3_2014, 73 ,42809,,,,
1318,16_3_2014, 74 ,42810,,,,
1319,15_3_2014, 73 ,42809,,,,
1320,15_3_2014, 73 ,42809,,,,
1322,16_3_2014, 74 ,42810,,,,
1324,16_3_2014, 74 ,42810,,,,
1325,16_3_2014, 74 ,42810,,,,
1326,16_3_2014, 74 ,42810,,,,
1327,15_3_2014, 73 ,42809,,,,
1327,16_3_2014, 74 ,42810,,,,
1327,22_3_2015, 80 ,42816,,,,
1328,16_3_2014, 74 ,42810,,,,
1329,16_3_2014, 74 ,42810,,,,
1332,15_3_2014, 73 ,42809,,,,
1334,16_3_2014, 74 ,42810,,,,
1335,16_3_2014, 74 ,42810,,,,
1336,20_3_2014, 78 ,42814,,,,
1337,20_3_2014, 78 ,42814,,,,
1337,22_3_2014, 80 ,42816,,,,
1338,20_3_2014, 78 ,42814,,,,
1340,20_3_2014, 78 ,42814,,,,
1341,20_3_2014, 78 ,42814,,,,
1341,31_3_2017, 89 ,42825,,,,
1342,22_3_2014, 80 ,42816,,,,
1343,22_3_2014, 80 ,42816,,,,
1344,22_3_2014, 80 ,42816,,,,
1345,22_3_2014, 80 ,42816,,,,
1346,22_3_2014, 80 ,42816,,,,
1347,22_3_2014, 80 ,42816,,,,
1348,22_3_2014, 80 ,42816,,,,
1349,5_4_2014, 94 ,42830,,,,
1350,5_4_2014, 94 ,42830,,,,
1350,8_4_2015, 97 ,42833,,,,
1351,5_4_2014, 94 ,42830,,,,
1352,7_4_2014, 96 ,42832,,,,
1354,7_4_2014, 96 ,42832,,,,
1356,7_4_2014, 96 ,42832,,,,
1358,7_4_2014, 96 ,42832,,,,
1360,7_4_2014, 96 ,42832,,,,
1361,7_4_2014, 96 ,42832,,,,
1363,11_4_2014, 100 ,42836,,,,
1367,11_4_2014, 100 ,42836,,,,
1370,12_4_2014, 101 ,42837,,,,
1371,12_4_2014, 101 ,42837,,,,
1372,12_4_2014, 101 ,42837,,,,
1374,12_4_2014, 101 ,42837,,,,
1375,11_4_2014, 100 ,42836,,,,
1375,12_4_2014, 101 ,42837,,,,
1375,10_4_2015, 99 ,42835,,,,
1377,12_4_2014, 101 ,42837,,,,
1379,12_4_2014, 101 ,42837,,,,
1382,12_4_2014, 101 ,42837,,,,
1386,12_4_2014, 101 ,42837,,,,
1393,7_4_2014, 96 ,42832,,,,
1393,12_4_2014, 101 ,42837,,,,
1394,12_4_2014, 101 ,42837,,,,
1394,10_4_2015, 99 ,42835,,,,
1394,12_4_2015, 101 ,42837,,,,
1394,4_4_2017, 93 ,42829,,,,
1398,12_4_2014, 101 ,42837,,,,
1404,12_4_2014, 101 ,42837,,,,
1406,12_4_2014, 101 ,42837,,,,
1407,13_4_2014, 102 ,42838,,,,
1408,13_4_2014, 102 ,42838,,,,
1409,13_4_2014, 102 ,42838,,,,
1410,13_4_2014, 102 ,42838,,,,
1412,13_4_2014, 102 ,42838,,,,
1413,13_4_2014, 102 ,42838,,,,
1414,12_4_2014, 101 ,42837,,,,
1415,13_4_2014, 102 ,42838,,,,
1417,12_4_2014, 101 ,42837,,,,
1419,19_4_2014, 108 ,42844,,,,
1419,10_4_2015, 99 ,42835,,,,
1420,19_4_2014, 108 ,42844,,,,
1421,19_4_2014, 108 ,42844,,,,
1422,19_4_2014, 108 ,42844,,,,
1423,19_4_2014, 108 ,42844,,,,
1425,19_4_2014, 108 ,42844,,,,
1426,23_3_2014, 81 ,42817,,,,
1427,1_5_2014, 120 ,42856,,,,
1427,29_4_2017, 118 ,42854,,,,
1428,23_3_2014, 81 ,42817,,,,
1429,23_3_2014, 81 ,42817,,,,
1430,8_5_2014, 127 ,42863,,,,
1430,11_5_2014, 130 ,42866,,,,
1431,8_5_2014, 127 ,42863,,,,
1432,12_5_2014, 131 ,42867,,,,
1432,6_5_2015, 125 ,42861,,,,
1434,22_3_2013, 80 ,42816,,,,
1435,22_3_2013, 80 ,42816,,,,
1438,7_4_2014, 96 ,42832,,,,
1439,7_4_2014, 96 ,42832,,,,
1440,7_4_2014, 96 ,42832,,,,
1441,20_3_2015, 78 ,42814,,,,
1442,12_4_2014, 101 ,42837,,,,
1450,2_1_2015, 1 ,42737,,,,
1451,21_1_2015, 20 ,42756,,,,
1451,22_3_2015, 80 ,42816,,,,
1452,21_1_2015, 20 ,42756,,,,
1453,21_1_2015, 20 ,42756,,,,
1454,21_1_2015, 20 ,42756,,,,
1455,21_1_2015, 20 ,42756,,,,
1457,30_1_2015, 29 ,42765,,,,
1458,30_1_2015, 29 ,42765,,,,
1459,30_1_2015, 29 ,42765,,,,
1460,8_2_2015, 38 ,42774,,,,
1461,8_2_2015, 38 ,42774,,,,
1462,8_2_2015, 38 ,42774,,,,
1463,9_2_2015, 39 ,42775,,,,
1464,22_2_2015, 52 ,42788,,,,
1465,22_2_2015, 52 ,42788,,,,
1466,22_2_2015, 52 ,42788,,,,
1467,23_2_2015, 53 ,42789,,,,
1468,23_2_2015, 53 ,42789,,,,
1469,28_2_2015, 58 ,42794,,,,
1470,2_3_2015, 60 ,42796,,,,
1471,2_3_2015, 60 ,42796,,,,
1472,2_3_2015, 60 ,42796,,,,
1473,2_3_2015, 60 ,42796,,,,
1474,2_3_2015, 60 ,42796,,,,
1475,8_3_2015, 66 ,42802,,,,
1475,9_3_2015, 67 ,42803,,,,
1475,10_3_2015, 68 ,42804,,,,
1477,10_3_2015, 68 ,42804,,,,
1478,10_3_2015, 68 ,42804,,,,
1479,8_3_2015, 66 ,42802,,,,
1479,10_4_2015, 99 ,42835,,,,
1480,9_3_2015, 67 ,42803,,,,
1481,9_3_2015, 67 ,42803,,,,
1482,9_3_2015, 67 ,42803,,,,
1483,9_3_2015, 67 ,42803,,,,
1486,9_3_2015, 67 ,42803,,,,
1486,10_3_2015, 68 ,42804,,,,
1486,22_4_2016, 111 ,42847,,,,
1488,9_3_2015, 67 ,42803,,,,
1489,10_3_2015, 68 ,42804,,,,
1490,10_3_2015, 68 ,42804,,,,
1491,10_3_2015, 68 ,42804,,,,
1492,10_3_2015, 68 ,42804,,,,
1494,10_3_2015, 68 ,42804,,,,
1495,10_3_2015, 68 ,42804,,,,
1497,10_3_2015, 68 ,42804,,,,
1498,10_3_2015, 68 ,42804,,,,
1501,10_3_2015, 68 ,42804,,,,
1502,14_3_2015, 72 ,42808,,,,
1503,14_3_2015, 72 ,42808,,,,
1504,11_3_2015, 69 ,42805,,,,
1505,9_3_2015, 67 ,42803,,,,
1506,9_3_2015, 67 ,42803,,,,
1509,8_3_2015, 66 ,42802,,,,
1510,8_3_2015, 66 ,42802,,,,
1511,19_3_2015, 77 ,42813,,,,
1512,19_3_2015, 77 ,42813,,,,
1513,9_3_2015, 67 ,42803,,,,
1520,20_3_2015, 78 ,42814,,,,
1521,20_3_2015, 78 ,42814,,,,
1522,20_3_2015, 78 ,42814,,,,
1523,20_3_2015, 78 ,42814,,,,
1524,20_3_2015, 78 ,42814,,,,
1526,20_3_2015, 78 ,42814,,,,
1528,20_3_2015, 78 ,42814,,,,
1529,20_3_2015, 78 ,42814,,,,
1532,20_3_2015, 78 ,42814,,,,
1532,27_3_2016, 85 ,42821,,,,
1536,20_3_2015, 78 ,42814,,,,
1537,20_3_2015, 78 ,42814,,,,
1539,20_3_2015, 78 ,42814,,,,
1540,20_3_2015, 78 ,42814,,,,
1546,20_3_2015, 78 ,42814,,,,
1549,20_3_2015, 78 ,42814,,,,
1549,17_1_2017, 16 ,42752,,,,
1550,20_3_2015, 78 ,42814,,,,
1552,20_3_2015, 78 ,42814,,,,
1553,20_3_2015, 78 ,42814,,,,
1554,20_3_2015, 78 ,42814,,,,
1560,22_3_2015, 80 ,42816,,,,
1561,22_3_2015, 80 ,42816,,,,
1562,22_3_2015, 80 ,42816,,,,
1563,22_3_2015, 80 ,42816,,,,
1564,22_3_2015, 80 ,42816,,,,
1565,22_3_2015, 80 ,42816,,,,
1567,22_3_2015, 80 ,42816,,,,
1568,22_3_2015, 80 ,42816,,,,
1569,22_3_2015, 80 ,42816,,,,
1569,23_3_2015, 81 ,42817,,,,
1570,22_3_2015, 80 ,42816,,,,
1570,23_3_2015, 81 ,42817,,,,
1571,22_3_2015, 80 ,42816,,,,
1572,22_3_2015, 80 ,42816,,,,
1576,23_3_2015, 81 ,42817,,,,
1579,23_3_2015, 81 ,42817,,,,
1580,23_3_2015, 81 ,42817,,,,
1581,23_3_2015, 81 ,42817,,,,
1582,23_3_2015, 81 ,42817,,,,
1583,23_3_2015, 81 ,42817,,,,
1585,23_3_2015, 81 ,42817,,,,
1588,23_3_2015, 81 ,42817,,,,
1590,23_3_2015, 81 ,42817,,,,
1591,26_3_2015, 84 ,42820,,,,
1592,26_3_2015, 84 ,42820,,,,
1593,26_3_2015, 84 ,42820,,,,
1594,26_3_2015, 84 ,42820,,,,
1595,26_3_2015, 84 ,42820,,,,
1596,26_3_2015, 84 ,42820,,,,
1597,26_3_2015, 84 ,42820,,,,
1598,26_3_2015, 84 ,42820,,,,
1599,26_3_2015, 84 ,42820,,,,
1600,26_3_2015, 84 ,42820,,,,
1601,10_3_2015, 68 ,42804,,,,
1602,10_3_2015, 68 ,42804,,,,
1603,10_3_2015, 68 ,42804,,,,
1604,23_3_2015, 81 ,42817,,,,
1606,23_3_2015, 81 ,42817,,,,
1607,3_4_2015, 92 ,42828,,,,
1608,3_4_2015, 92 ,42828,,,,
1609,3_4_2015, 92 ,42828,,,,
1610,3_4_2015, 92 ,42828,,,,
1611,3_4_2015, 92 ,42828,,,,
1612,3_4_2015, 92 ,42828,,,,
1613,3_4_2015, 92 ,42828,,,,
1613,14_4_2016, 103 ,42839,,,,
1614,3_4_2015, 92 ,42828,,,,
1616,3_4_2015, 92 ,42828,,,,
1618,3_4_2015, 92 ,42828,,,,
1625,3_4_2015, 92 ,42828,,,,
1626,3_4_2015, 92 ,42828,,,,
1627,3_4_2015, 92 ,42828,,,,
1629,3_4_2015, 92 ,42828,,,,
1630,3_4_2015, 92 ,42828,,,,
1631,3_4_2015, 92 ,42828,,,,
1632,3_4_2015, 92 ,42828,,,,
1633,3_4_2015, 92 ,42828,,,,
1634,3_4_2015, 92 ,42828,,,,
1635,3_4_2015, 92 ,42828,,,,
1636,3_4_2015, 92 ,42828,,,,
1637,3_4_2015, 92 ,42828,,,,
1638,2_4_2015, 91 ,42827,,,,
1639,7_4_2015, 96 ,42832,,,,
1640,7_4_2015, 96 ,42832,,,,
1662,8_4_2015, 97 ,42833,,,,
1666,8_4_2015, 97 ,42833,,,,
1667,8_4_2015, 97 ,42833,,,,
1667,29_12_2015, 362 ,43098,,,,
1671,8_4_2015, 97 ,42833,,,,
1671,9_4_2015, 98 ,42834,,,,
1672,8_4_2015, 97 ,42833,,,,
1673,9_4_2015, 98 ,42834,,,,
1673,10_4_2015, 99 ,42835,,,,
1674,8_4_2015, 97 ,42833,,,,
1677,8_4_2015, 97 ,42833,,,,
1678,8_4_2015, 97 ,42833,,,,
1679,8_4_2015, 97 ,42833,,,,
1679,9_4_2015, 98 ,42834,,,,
1681,8_4_2015, 97 ,42833,,,,
1682,8_4_2015, 97 ,42833,,,,
1683,8_4_2015, 97 ,42833,,,,
1684,8_4_2015, 97 ,42833,,,,
1686,8_4_2015, 97 ,42833,,,,
1689,8_4_2015, 97 ,42833,,,,
1689,11_4_2015, 100 ,42836,,,,
1690,8_4_2015, 97 ,42833,,,,
1693,9_4_2015, 98 ,42834,,,,
1696,9_4_2015, 98 ,42834,,,,
1697,9_4_2015, 98 ,42834,,,,
1698,9_4_2015, 98 ,42834,,,,
1699,9_4_2015, 98 ,42834,,,,
1703,9_4_2015, 98 ,42834,,,,
1709,9_4_2015, 98 ,42834,,,,
1711,9_4_2015, 98 ,42834,,,,
1712,9_4_2015, 98 ,42834,,,,
1718,9_4_2015, 98 ,42834,,,,
1719,9_4_2015, 98 ,42834,,,,
1721,9_4_2015, 98 ,42834,,,,
1726,9_4_2015, 98 ,42834,,,,
1733,9_4_2015, 98 ,42834,,,,
1736,9_4_2015, 98 ,42834,,,,
1739,9_4_2015, 98 ,42834,,,,
1740,10_4_2015, 99 ,42835,,,,
1741,9_4_2015, 98 ,42834,,,,
1745,10_4_2015, 99 ,42835,,,,
1746,9_4_2015, 98 ,42834,,,,
1747,10_4_2015, 99 ,42835,,,,
1753,10_4_2015, 99 ,42835,,,,
1757,10_4_2015, 99 ,42835,,,,
1759,10_4_2015, 99 ,42835,,,,
1759,4_4_2017, 93 ,42829,,,,
1763,10_4_2015, 99 ,42835,,,,
1765,10_4_2015, 99 ,42835,,,,
1766,10_4_2015, 99 ,42835,,,,
1773,10_4_2015, 99 ,42835,,,,
1780,8_4_2015, 97 ,42833,,,,
1781,8_4_2015, 97 ,42833,,,,
1782,8_4_2015, 97 ,42833,,,,
1783,8_4_2015, 97 ,42833,,,,
1784,8_4_2015, 97 ,42833,,,,
1785,11_4_2015, 100 ,42836,,,,
1785,25_3_2017, 83 ,42819,,,,
1786,3_4_2015, 92 ,42828,,,,
1787,19_4_2015, 108 ,42844,,,,
1788,19_4_2015, 108 ,42844,,,,
1789,19_4_2015, 108 ,42844,,,,
1791,22_4_2015, 111 ,42847,,,,
1793,23_4_2015, 112 ,42848,,,,
1795,23_4_2015, 112 ,42848,,,,
1800,29_12_2015, 362 ,43098,,,,
1800,8_4_2017, 97 ,42833,,,,
1801,12_1_2016, 11 ,42747,,,,
1802,15_1_2016, 14 ,42750,,,,
1802,16_1_2016, 15 ,42751,,,,
1803,26_1_2016, 25 ,42761,,,,
1805,2_2_2016, 32 ,42768,,,,
1806,2_2_2016, 32 ,42768,,,,
1807,21_2_2016, 51 ,42787,,,,
1808,23_2_2016, 53 ,42789,,,,
1809,29_2_2016, 59 ,42795,,,,
1810,29_2_2016, 59 ,42795,,,,
1811,29_2_2016, 59 ,42795,,,,
1812,10_3_2016, 68 ,42804,,,,
1814,10_3_2016, 68 ,42804,,,,
1815,10_3_2016, 68 ,42804,,,,
1815,12_3_2016, 70 ,42806,,,,
1815,13_3_2016, 71 ,42807,,,,
1816,12_3_2016, 70 ,42806,,,,
1822,13_3_2016, 71 ,42807,,,,
1823,13_3_2016, 71 ,42807,,,,
1824,13_3_2016, 71 ,42807,,,,
1825,13_3_2016, 71 ,42807,,,,
1826,10_3_2016, 68 ,42804,,,,
1829,14_3_2016, 72 ,42808,,,,
1831,13_3_2016, 71 ,42807,,,,
1832,14_3_2016, 72 ,42808,,,,
1832,16_3_2016, 74 ,42810,,,,
1833,14_3_2016, 72 ,42808,,,,
1834,13_3_2016, 71 ,42807,,,,
1834,14_3_2016, 72 ,42808,,,,
1836,14_3_2016, 72 ,42808,,,,
1837,14_3_2016, 72 ,42808,,,,
1838,14_3_2016, 72 ,42808,,,,
1839,19_3_2016, 77 ,42813,,,,
1840,19_3_2016, 77 ,42813,,,,
1841,19_3_2016, 77 ,42813,,,,
1841,25_3_2017, 83 ,42819,,,,
1841,26_3_2017, 84 ,42820,,,,
1842,19_3_2016, 77 ,42813,,,,
1842,21_4_2017, 110 ,42846,,,,
1843,19_3_2016, 77 ,42813,,,,
1844,19_3_2016, 77 ,42813,,,,
1845,23_3_2016, 81 ,42817,,,,
1847,23_3_2016, 81 ,42817,,,,
1847,20_4_2017, 109 ,42845,,,,
1847,22_4_2017, 111 ,42847,,,,
1849,23_3_2016, 81 ,42817,,,,
1853,23_3_2016, 81 ,42817,,,,
1854,23_3_2016, 81 ,42817,,,,
1857,23_3_2016, 81 ,42817,,,,
1859,24_3_2016, 82 ,42818,,,,
1860,24_3_2016, 82 ,42818,,,,
1861,24_3_2016, 82 ,42818,,,,
1862,23_3_2016, 81 ,42817,,,,
1863,24_3_2016, 82 ,42818,,,,
1865,24_3_2016, 82 ,42818,,,,
1866,24_1_2016, 23 ,42759,,,,
1868,23_3_2016, 81 ,42817,,,,
1868,24_3_2016, 82 ,42818,,,,
1869,24_3_2016, 82 ,42818,,,,
1870,24_3_2016, 82 ,42818,,,,
1871,24_3_2016, 82 ,42818,,,,
1872,24_3_2016, 82 ,42818,,,,
1873,27_3_2016, 85 ,42821,,,,
1874,27_3_2016, 85 ,42821,,,,
1875,27_3_2016, 85 ,42821,,,,
1876,27_3_2016, 85 ,42821,,,,
1878,27_3_2016, 85 ,42821,,,,
1881,4_4_2016, 93 ,42829,,,,
1882,4_4_2016, 93 ,42829,,,,
1884,4_4_2016, 93 ,42829,,,,
1885,5_4_2016, 94 ,42830,,,,
1886,5_4_2016, 94 ,42830,,,,
1890,14_4_2016, 103 ,42839,,,,
1892,14_4_2016, 103 ,42839,,,,
1895,14_4_2016, 103 ,42839,,,,
1897,14_4_2016, 103 ,42839,,,,
1908,14_4_2016, 103 ,42839,,,,
1909,14_4_2016, 103 ,42839,,,,
1915,14_4_2016, 103 ,42839,,,,
1917,14_4_2016, 103 ,42839,,,,
1918,14_4_2016, 103 ,42839,,,,
1918,17_4_2016, 106 ,42842,,,,
1918,17_4_2017, 106 ,42842,,,,
1919,14_4_2016, 103 ,42839,,,,
1921,22_4_2016, 111 ,42847,,,,
1922,22_4_2016, 111 ,42847,,,,
1923,22_4_2016, 111 ,42847,,,,
1925,22_4_2016, 111 ,42847,,,,
1925,23_4_2016, 112 ,42848,,,,
1926,27_4_2016, 116 ,42852,,,,
1928,27_4_2016, 116 ,42852,,,,
1928,30_4_2016, 119 ,42855,,,,
1929,27_4_2016, 116 ,42852,,,,
1929,29_4_2016, 118 ,42854,,,,
1929,3_5_2016, 122 ,42858,,,,
1930,27_4_2016, 116 ,42852,,,,
1932,27_4_2016, 116 ,42852,,,,
1939,29_4_2016, 118 ,42854,,,,
1945,2_5_2016, 121 ,42857,,,,
1949,10_5_2016, 129 ,42865,,,,
1950,14_3_2016, 72 ,42808,,,,
1982,30_4_2016, 119 ,42855,,,,
2000,14_1_2017, 13 ,42749,,,,
2002,15_1_2017, 14 ,42750,,,,
2003,15_1_2017, 14 ,42750,,,,
2004,15_1_2017, 14 ,42750,,,,
2006,17_1_2017, 16 ,42752,,,,
2007,17_1_2017, 16 ,42752,,,,
2008,17_1_2017, 16 ,42752,,,,
2009,20_2_2017, 50 ,42786,,,,
2010,20_2_2017, 50 ,42786,,,,
2011,23_2_2017, 53 ,42789,,,,
2012,23_2_2017, 53 ,42789,,,,
2013,23_2_2017, 53 ,42789,,,,
2013,13_3_2017, 71 ,42807,,,,
2014,23_2_2017, 53 ,42789,,,,
2014,13_3_2017, 71 ,42807,,,,
2015,8_3_2017, 66 ,42802,,,,
2016,8_3_2016, 66 ,42802,,,,
2016,8_3_2017, 66 ,42802,,,,
2017,8_3_2017, 66 ,42802,,,,
2018,8_3_2017, 66 ,42802,,,,
2019,8_3_2017, 66 ,42802,,,,
2020,12_3_2017, 70 ,42806,,,,
2022,11_3_2017, 69 ,42805,,,,
2023,12_3_2017, 70 ,42806,,,,
2026,13_3_2017, 71 ,42807,,,,
2027,13_3_2017, 71 ,42807,,,,
2028,13_3_2017, 71 ,42807,,,,
2029,13_3_2017, 71 ,42807,,,,
2030,13_3_2017, 71 ,42807,,,,
2031,13_3_2017, 71 ,42807,,,,
2032,13_3_2017, 71 ,42807,,,,
2033,13_3_2017, 71 ,42807,,,,
2034,13_3_2017, 71 ,42807,,,,
2035,13_3_2017, 71 ,42807,,,,
2036,13_3_2017, 71 ,42807,,,,
2037,13_3_2017, 71 ,42807,,,,
2038,13_3_2017, 71 ,42807,,,,
2039,13_3_2017, 71 ,42807,,,,
2045,13_3_2017, 71 ,42807,,,,
2046,18_3_2017, 76 ,42812,,,,
2047,18_3_2017, 76 ,42812,,,,
2048,18_3_2017, 76 ,42812,,,,
2049,18_3_2017, 76 ,42812,,,,
2050,18_3_2017, 76 ,42812,,,,
2051,18_3_2017, 76 ,42812,,,,
2052,18_3_2017, 76 ,42812,,,,
2053,18_3_2017, 76 ,42812,,,,
2054,18_3_2017, 76 ,42812,,,,
2056,18_3_2017, 76 ,42812,,,,
2057,18_3_2017, 76 ,42812,,,,
2058,18_3_2017, 76 ,42812,,,,
2059,18_3_2017, 76 ,42812,,,,
2061,18_3_2017, 76 ,42812,,,,
2062,25_3_2017, 83 ,42819,,,,
2063,25_3_2017, 83 ,42819,,,,
2064,25_3_2017, 83 ,42819,,,,
2065,25_3_2017, 83 ,42819,,,,
2066,25_3_2017, 83 ,42819,,,,
2067,25_3_2017, 83 ,42819,,,,
2068,25_3_2017, 83 ,42819,,,,
2069,25_3_2017, 83 ,42819,,,,
2070,25_3_2017, 83 ,42819,,,,
2071,25_3_2017, 83 ,42819,,,,
2071,26_3_2017, 84 ,42820,,,,
2072,26_3_2017, 84 ,42820,,,,
2073,26_3_2017, 84 ,42820,,,,
2074,26_3_2017, 84 ,42820,,,,
2075,26_3_2017, 84 ,42820,,,,
2076,26_3_2017, 84 ,42820,,,,
2077,26_3_2017, 84 ,42820,,,,
2078,26_3_2017, 84 ,42820,,,,
2079,26_3_2017, 84 ,42820,,,,
2080,26_3_2017, 84 ,42820,,,,
2082,26_3_2017, 84 ,42820,,,,
2083,26_3_2017, 84 ,42820,,,,
2084,26_3_2017, 84 ,42820,,,,
2085,26_3_2017, 84 ,42820,,,,
2086,26_3_2017, 84 ,42820,,,,
2087,26_3_2017, 84 ,42820,,,,
2088,28_3_2017, 86 ,42822,,,,
2089,28_3_2017, 86 ,42822,,,,
2090,28_3_2017, 86 ,42822,,,,
2091,18_3_2017, 76 ,42812,,,,
2092,29_3_2017, 87 ,42823,,,,
2093,29_3_2017, 87 ,42823,,,,
2094,29_3_2017, 87 ,42823,,,,
2095,29_3_2017, 87 ,42823,,,,
2096,25_3_2017, 83 ,42819,,,,
2097,25_3_2017, 83 ,42819,,,,
2098,31_3_2017, 89 ,42825,,,,
2099,31_3_2017, 89 ,42825,,,,
2100,25_3_2017, 83 ,42819,,,,
2101,25_3_2017, 83 ,42819,,,,
2102,26_3_2017, 84 ,42820,,,,
2103,26_3_2017, 84 ,42820,,,,
2104,31_3_2017, 89 ,42825,,,,
2105,4_4_2017, 93 ,42829,,,,
2106,4_4_2017, 93 ,42829,,,,
2107,4_4_2017, 93 ,42829,,,,
2108,6_4_2017, 95 ,42831,,,,
2109,6_4_2017, 95 ,42831,,,,
2110,8_4_2017, 97 ,42833,,,,
2112,8_4_2017, 97 ,42833,,,,
2114,9_4_2017, 98 ,42834,,,,
2115,26_3_2017, 84 ,42820,,,,
2116,16_4_2017, 105 ,42841,,,,
2117,16_4_2017, 105 ,42841,,,,
2119,16_4_2017, 105 ,42841,,,,
2120,16_4_2017, 105 ,42841,,,,
2122,17_4_2017, 106 ,42842,,,,
2123,21_4_2017, 110 ,42846,,,,
2124,21_4_2017, 110 ,42846,,,,
2125,21_4_2017, 110 ,42846,,,,
2125,22_4_2017, 111 ,42847,,,,
2125,23_4_2017, 112 ,42848,,,,
2126,22_4_2017, 111 ,42847,,,,
2128,22_4_2017, 111 ,42847,,,,
2129,22_4_2017, 111 ,42847,,,,
2130,23_4_2017, 112 ,42848,,,,
2131,23_4_2017, 112 ,42848,,,,
2132,23_4_2017, 112 ,42848,,,,
2133,23_4_2017, 112 ,42848,,,,
2134,23_4_2017, 112 ,42848,,,,
2136,9_4_2017, 98 ,42834,,,,
2138,9_4_2017, 98 ,42834,,,,
2139,30_4_2017, 119 ,42855,,,,
2140,25_3_2017, 83 ,42819,,,,
2141,25_3_2017, 83 ,42819,,,,
