BDA ID,Day,Month,Year,Day_Month_Year,For Date Conversion,Day of Year,Serial Date,,,,,
0001,23,04,2007,23_4_2007,23/04/17, 112 ,42848,,,,,
0001,24,04,2007,24_4_2007,24/04/17, 113 ,42849,,,,,
0001,07,04,2011,7_4_2011,07/04/17, 96 ,42832,,,,,
0002,20,04,2007,20_4_2007,20/04/17, 109 ,42845,,,,,
0002,21,04,2007,21_4_2007,21/04/17, 110 ,42846,,,,,
0002,21,04,2007,21_4_2007,21/04/17, 110 ,42846,,,,,
0002,23,04,2007,23_4_2007,23/04/17, 112 ,42848,,,,,
0002,24,04,2007,24_4_2007,24/04/17, 113 ,42849,,,,,
0002,13,04,2010,13_4_2010,13/04/17, 102 ,42838,,,,,
0002,13,04,2011,13_4_2011,13/04/17, 102 ,42838,,,,,
0002,17,04,2011,17_4_2011,17/04/17, 106 ,42842,,,,,
0002,23,01,2012,23_1_2012,23/01/17, 22 ,42758,,,,,
0002,28,04,2012,28_4_2012,28/04/17, 117 ,42853,,,,,
0002,19,04,2013,19_4_2013,19/04/17, 108 ,42844,,,,,
0002,20,04,2013,20_4_2013,20/04/17, 109 ,42845,,,,,
0002,21,04,2013,21_4_2013,21/04/17, 110 ,42846,,,,,
0002,08,05,2014,8_5_2014,08/05/17, 127 ,42863,,,,,
0002,21,04,2017,21_4_2017,21/04/17, 110 ,42846,,,,,
0002,23,04,2017,23_4_2017,23/04/17, 112 ,42848,,,,,
0003,23,04,2007,23_4_2007,23/04/17, 112 ,42848,,,,,
0003,22,04,2010,22_4_2010,22/04/17, 111 ,42847,,,,,
0004,23,04,2007,23_4_2007,23/04/17, 112 ,42848,,,,,
0004,24,04,2007,24_4_2007,24/04/17, 113 ,42849,,,,,
0004,30,04,2009,30_4_2009,30/04/17, 119 ,42855,,,,,
0004,08,04,2010,8_4_2010,08/04/17, 97 ,42833,,,,,
0004,13,04,2010,13_4_2010,13/04/17, 102 ,42838,,,,,
0004,27,04,2016,27_4_2016,27/04/17, 116 ,42852,,,,,
0004,02,05,2016,2_5_2016,02/05/17, 121 ,42857,,,,,
0004,22,04,2017,22_4_2017,22/04/17, 111 ,42847,,,,,
0006,20,04,2007,20_4_2007,20/04/17, 109 ,42845,,,,,
0006,21,04,2007,21_4_2007,21/04/17, 110 ,42846,,,,,
0006,04,04,2011,4_4_2011,04/04/17, 93 ,42829,,,,,
0006,12,03,2016,12_3_2016,12/03/17, 70 ,42806,,,,,
0006,13,03,2016,13_3_2016,13/03/17, 71 ,42807,,,,,
0006,26,03,2017,26_3_2017,26/03/17, 84 ,42820,,,,,
0008,18,04,2007,18_4_2007,18/04/17, 107 ,42843,,,,,
0008,21,04,2007,21_4_2007,21/04/17, 110 ,42846,,,,,
0008,15,04,2013,15_4_2013,15/04/17, 104 ,42840,,,,,
0008,18,04,2013,18_4_2013,18/04/17, 107 ,42843,,,,,
0010,31,03,2007,31_3_2007,31/03/17, 89 ,42825,,,,,
0011,31,03,2007,31_3_2007,31/03/17, 89 ,42825,,,,,
0012,31,03,2007,31_3_2007,31/03/17, 89 ,42825,,,,,
0013,01,04,2007,1_4_2007,01/04/17, 90 ,42826,,,,,
0013,12,04,2010,12_4_2010,12/04/17, 101 ,42837,,,,,
0014,15,04,2007,15_4_2007,15/04/17, 104 ,42840,,,,,
0014,26,04,2012,26_4_2012,26/04/17, 115 ,42851,,,,,
0015,21,04,2007,21_4_2007,21/04/17, 110 ,42846,,,,,
0016,21,04,2007,21_4_2007,21/04/17, 110 ,42846,,,,,
0017,26,04,2007,26_4_2007,26/04/17, 115 ,42851,,,,,
0017,27,04,2007,27_4_2007,27/04/17, 116 ,42852,,,,,
0018,28,04,2007,28_4_2007,28/04/17, 117 ,42853,,,,,
0026,11,03,2008,11_3_2008,11/03/17, 69 ,42805,,,,,
0027,11,03,2008,11_3_2008,11/03/17, 69 ,42805,,,,,
0028,22,03,2008,22_3_2008,22/03/17, 80 ,42816,,,,,
0029,27,03,2008,27_3_2008,27/03/17, 85 ,42821,,,,,
0030,27,03,2008,27_3_2008,27/03/17, 85 ,42821,,,,,
0033,29,03,2008,29_3_2008,29/03/17, 87 ,42823,,,,,
0034,06,04,2008,6_4_2008,06/04/17, 95 ,42831,,,,,
0035,06,04,2008,6_4_2008,06/04/17, 95 ,42831,,,,,
0036,06,04,2008,6_4_2008,06/04/17, 95 ,42831,,,,,
0037,11,04,2008,11_4_2008,11/04/17, 100 ,42836,,,,,
0038,11,04,2008,11_4_2008,11/04/17, 100 ,42836,,,,,
0039,02,04,2006,2_4_2006,02/04/17, 91 ,42827,,,,,
0039,11,04,2008,11_4_2008,11/04/17, 100 ,42836,,,,,
0039,29,03,2009,29_3_2009,29/03/17, 87 ,42823,,,,,
0039,12,04,2010,12_4_2010,12/04/17, 101 ,42837,,,,,
0039,15,04,2011,15_4_2011,15/04/17, 104 ,42840,,,,,
0039,18,04,2011,18_4_2011,18/04/17, 107 ,42843,,,,,
0039,12,04,2014,12_4_2014,12/04/17, 101 ,42837,,,,,
0040,11,04,2008,11_4_2008,11/04/17, 100 ,42836,,,,,
0041,11,04,2008,11_4_2008,11/04/17, 100 ,42836,,,,,
0041,12,04,2008,12_4_2008,12/04/17, 101 ,42837,,,,,
0041,15,04,2012,15_4_2012,15/04/17, 104 ,42840,,,,,
0041,22,03,2013,22_3_2013,22/03/17, 80 ,42816,,,,,
0042,11,04,2008,11_4_2008,11/04/17, 100 ,42836,,,,,
0043,11,04,2008,11_4_2008,11/04/17, 100 ,42836,,,,,
0043,19,04,2009,19_4_2009,19/04/17, 108 ,42844,,,,,
0045,11,04,2008,11_4_2008,11/04/17, 100 ,42836,,,,,
0046,20,04,2008,20_4_2008,20/04/17, 109 ,42845,,,,,
0047,20,04,2008,20_4_2008,20/04/17, 109 ,42845,,,,,
0047,05,04,2009,5_4_2009,05/04/17, 94 ,42830,,,,,
0047,19,04,2010,19_4_2010,19/04/17, 108 ,42844,,,,,
0047,20,04,2012,20_4_2012,20/04/17, 109 ,42845,,,,,
0047,27,04,2013,27_4_2013,27/04/17, 116 ,42852,,,,,
0047,04,05,2013,4_5_2013,04/05/17, 123 ,42859,,,,,
0047,05,05,2013,5_5_2013,05/05/17, 124 ,42860,,,,,
0047,26,04,2014,26_4_2014,26/04/17, 115 ,42851,,,,,
0048,20,04,2008,20_4_2008,20/04/17, 109 ,42845,,,,,
0049,20,04,2008,20_4_2008,20/04/17, 109 ,42845,,,,,
0050,21,04,2008,21_4_2008,21/04/17, 110 ,42846,,,,,
0051,21,04,2008,21_4_2008,21/04/17, 110 ,42846,,,,,
0052,21,04,2008,21_4_2008,21/04/17, 110 ,42846,,,,,
0052,29,04,2008,29_4_2008,29/04/17, 118 ,42854,,,,,
0052,22,04,2015,22_4_2015,22/04/17, 111 ,42847,,,,,
0053,28,04,2008,28_4_2008,28/04/17, 117 ,42853,,,,,
0055,28,04,2008,28_4_2008,28/04/17, 117 ,42853,,,,,
0055,20,04,2011,20_4_2011,20/04/17, 109 ,42845,,,,,
0055,24,04,2011,24_4_2011,24/04/17, 113 ,42849,,,,,
0055,26,04,2011,26_4_2011,26/04/17, 115 ,42851,,,,,
0055,15,04,2013,15_4_2013,15/04/17, 104 ,42840,,,,,
0057,28,04,2008,28_4_2008,28/04/17, 117 ,42853,,,,,
0057,23,04,2015,23_4_2015,23/04/17, 112 ,42848,,,,,
0058,29,04,2008,29_4_2008,29/04/17, 118 ,42854,,,,,
0059,29,04,2008,29_4_2008,29/04/17, 118 ,42854,,,,,
0060,29,04,2008,29_4_2008,29/04/17, 118 ,42854,,,,,
0060,19,03,2011,19_3_2011,19/03/17, 77 ,42813,,,,,
0061,29,04,2008,29_4_2008,29/04/17, 118 ,42854,,,,,
0062,04,05,2008,4_5_2008,04/05/17, 123 ,42859,,,,,
0063,05,05,2008,5_5_2008,05/05/17, 124 ,42860,,,,,
0064,05,05,2008,5_5_2008,05/05/17, 124 ,42860,,,,,
0065,08,05,2008,8_5_2008,08/05/17, 127 ,42863,,,,,
0067,08,05,2008,8_5_2008,08/05/17, 127 ,42863,,,,,
0068,11,04,2008,11_4_2008,11/04/17, 100 ,42836,,,,,
0100,29,01,2009,29_1_2009,29/01/17, 28 ,42764,,,,,
0101,29,01,2009,29_1_2009,29/01/17, 28 ,42764,,,,,
0103,27,03,2008,27_3_2008,27/03/17, 85 ,42821,,,,,
0103,21,03,2010,21_3_2010,21/03/17, 79 ,42815,,,,,
0104,27,03,2008,27_3_2008,27/03/17, 85 ,42821,,,,,
0104,21,03,2010,21_3_2010,21/03/17, 79 ,42815,,,,,
0104,13,03,2012,13_3_2012,13/03/17, 71 ,42807,,,,,
0104,13,03,2013,13_3_2013,13/03/17, 71 ,42807,,,,,
0105,05,05,2008,5_5_2008,05/05/17, 124 ,42860,,,,,
0107,12,04,2008,12_4_2008,12/04/17, 101 ,42837,,,,,
0108,12,04,2008,12_4_2008,12/04/17, 101 ,42837,,,,,
0109,12,04,2008,12_4_2008,12/04/17, 101 ,42837,,,,,
0110,12,04,2008,12_4_2008,12/04/17, 101 ,42837,,,,,
0110,18,04,2013,18_4_2013,18/04/17, 107 ,42843,,,,,
0111,12,04,2008,12_4_2008,12/04/17, 101 ,42837,,,,,
0115,12,04,2008,12_4_2008,12/04/17, 101 ,42837,,,,,
0116,11,04,2008,11_4_2008,11/04/17, 100 ,42836,,,,,
0117,11,04,2008,11_4_2008,11/04/17, 100 ,42836,,,,,
0119,29,03,2008,29_3_2008,29/03/17, 87 ,42823,,,,,
0122,27,03,2008,27_3_2008,27/03/17, 85 ,42821,,,,,
0123,23,04,2008,23_4_2008,23/04/17, 112 ,42848,,,,,
0124,27,03,2008,27_3_2008,27/03/17, 85 ,42821,,,,,
0140,07,03,2009,7_3_2009,07/03/17, 65 ,42801,,,,,
0141,12,03,2009,12_3_2009,12/03/17, 70 ,42806,,,,,
0141,18,03,2013,18_3_2013,18/03/17, 76 ,42812,,,,,
0141,19,03,2013,19_3_2013,19/03/17, 77 ,42813,,,,,
0141,25,03,2017,25_3_2017,25/03/17, 83 ,42819,,,,,
0142,12,03,2009,12_3_2009,12/03/17, 70 ,42806,,,,,
0142,11,03,2015,11_3_2015,11/03/17, 69 ,42805,,,,,
0142,12,03,2015,12_3_2015,12/03/17, 70 ,42806,,,,,
0142,10,03,2016,10_3_2016,10/03/17, 68 ,42804,,,,,
0143,12,03,2009,12_3_2009,12/03/17, 70 ,42806,,,,,
0144,12,03,2009,12_3_2009,12/03/17, 70 ,42806,,,,,
0144,13,03,2016,13_3_2016,13/03/17, 71 ,42807,,,,,
0144,13,04,2016,13_4_2016,13/04/17, 102 ,42838,,,,,
0144,14,04,2016,14_4_2016,14/04/17, 103 ,42839,,,,,
0144,09,04,2017,9_4_2017,09/04/17, 98 ,42834,,,,,
0144,09,04,2017,9_4_2017,09/04/17, 98 ,42834,,,,,
0145,12,03,2009,12_3_2009,12/03/17, 70 ,42806,,,,,
0145,10,03,2015,10_3_2015,10/03/17, 68 ,42804,,,,,
0146,12,03,2009,12_3_2009,12/03/17, 70 ,42806,,,,,
0147,12,03,2009,12_3_2009,12/03/17, 70 ,42806,,,,,
0148,15,03,2009,15_3_2009,15/03/17, 73 ,42809,,,,,
0148,20,03,2015,20_3_2015,20/03/17, 78 ,42814,,,,,
0149,15,03,2009,15_3_2009,15/03/17, 73 ,42809,,,,,
0150,19,03,2009,19_3_2009,19/03/17, 77 ,42813,,,,,
0151,29,03,2009,29_3_2009,29/03/17, 87 ,42823,,,,,
0152,29,03,2009,29_3_2009,29/03/17, 87 ,42823,,,,,
0152,04,04,2013,4_4_2013,04/04/17, 93 ,42829,,,,,
0153,29,03,2009,29_3_2009,29/03/17, 87 ,42823,,,,,
0153,24,03,2013,24_3_2013,24/03/17, 82 ,42818,,,,,
0154,29,03,2009,29_3_2009,29/03/17, 87 ,42823,,,,,
0155,29,03,2009,29_3_2009,29/03/17, 87 ,42823,,,,,
0156,12,03,2009,12_3_2009,12/03/17, 70 ,42806,,,,,
0157,02,04,2009,2_4_2009,02/04/17, 91 ,42827,,,,,
0158,13,04,2007,13_4_2007,13/04/17, 102 ,42838,,,,,
0158,02,04,2009,2_4_2009,02/04/17, 91 ,42827,,,,,
0159,02,04,2009,2_4_2009,02/04/17, 91 ,42827,,,,,
0160,02,04,2009,2_4_2009,02/04/17, 91 ,42827,,,,,
0160,07,04,2010,7_4_2010,07/04/17, 96 ,42832,,,,,
0161,02,04,2009,2_4_2009,02/04/17, 91 ,42827,,,,,
0162,02,04,2009,2_4_2009,02/04/17, 91 ,42827,,,,,
0162,03,04,2013,3_4_2013,03/04/17, 92 ,42828,,,,,
0162,03,04,2015,3_4_2015,03/04/17, 92 ,42828,,,,,
0163,02,04,2009,2_4_2009,02/04/17, 91 ,42827,,,,,
0164,02,04,2009,2_4_2009,02/04/17, 91 ,42827,,,,,
0165,02,04,2009,2_4_2009,02/04/17, 91 ,42827,,,,,
0166,02,04,2009,2_4_2009,02/04/17, 91 ,42827,,,,,
0166,05,04,2009,5_4_2009,05/04/17, 94 ,42830,,,,,
0169,02,04,2009,2_4_2009,02/04/17, 91 ,42827,,,,,
0170,02,04,2009,2_4_2009,02/04/17, 91 ,42827,,,,,
0171,02,04,2009,2_4_2009,02/04/17, 91 ,42827,,,,,
0172,02,04,2009,2_4_2009,02/04/17, 91 ,42827,,,,,
0173,02,04,2009,2_4_2009,02/04/17, 91 ,42827,,,,,
0173,21,03,2010,21_3_2010,21/03/17, 79 ,42815,,,,,
0174,02,04,2009,2_4_2009,02/04/17, 91 ,42827,,,,,
0174,30,04,2013,30_4_2013,30/04/17, 119 ,42855,,,,,
0174,16,04,2017,16_4_2017,16/04/17, 105 ,42841,,,,,
0175,05,04,2009,5_4_2009,05/04/17, 94 ,42830,,,,,
0176,05,04,2009,5_4_2009,05/04/17, 94 ,42830,,,,,
0179,05,04,2009,5_4_2009,05/04/17, 94 ,42830,,,,,
0179,02,04,2014,2_4_2014,02/04/17, 91 ,42827,,,,,
0179,12,04,2014,12_4_2014,12/04/17, 101 ,42837,,,,,
0180,05,04,2009,5_4_2009,05/04/17, 94 ,42830,,,,,
0180,14,04,2016,14_4_2016,14/04/17, 103 ,42839,,,,,
0181,05,04,2009,5_4_2009,05/04/17, 94 ,42830,,,,,
0181,06,04,2009,6_4_2009,06/04/17, 95 ,42831,,,,,
0181,12,04,2013,12_4_2013,12/04/17, 101 ,42837,,,,,
0182,05,04,2009,5_4_2009,05/04/17, 94 ,42830,,,,,
0183,05,04,2009,5_4_2009,05/04/17, 94 ,42830,,,,,
0185,05,04,2009,5_4_2009,05/04/17, 94 ,42830,,,,,
0189,05,04,2009,5_4_2009,05/04/17, 94 ,42830,,,,,
0189,08,04,2015,8_4_2015,08/04/17, 97 ,42833,,,,,
0190,05,04,2009,5_4_2009,05/04/17, 94 ,42830,,,,,
0191,05,04,2009,5_4_2009,05/04/17, 94 ,42830,,,,,
0191,15,04,2012,15_4_2012,15/04/17, 104 ,42840,,,,,
0191,09,04,2015,9_4_2015,09/04/17, 98 ,42834,,,,,
0192,06,04,2009,6_4_2009,06/04/17, 95 ,42831,,,,,
0194,06,04,2009,6_4_2009,06/04/17, 95 ,42831,,,,,
0196,06,04,2009,6_4_2009,06/04/17, 95 ,42831,,,,,
0197,06,04,2009,6_4_2009,06/04/17, 95 ,42831,,,,,
0198,06,04,2009,6_4_2009,06/04/17, 95 ,42831,,,,,
0199,05,04,2009,5_4_2009,05/04/17, 94 ,42830,,,,,
0199,06,04,2009,6_4_2009,06/04/17, 95 ,42831,,,,,
0200,06,04,2009,6_4_2009,06/04/17, 95 ,42831,,,,,
0201,06,04,2009,6_4_2009,06/04/17, 95 ,42831,,,,,
0202,06,04,2009,6_4_2009,06/04/17, 95 ,42831,,,,,
0204,06,04,2009,6_4_2009,06/04/17, 95 ,42831,,,,,
0205,05,04,2009,5_4_2009,05/04/17, 94 ,42830,,,,,
0218,06,04,2009,6_4_2009,06/04/17, 95 ,42831,,,,,
0219,07,04,2009,7_4_2009,07/04/17, 96 ,42832,,,,,
0219,11,04,2009,11_4_2009,11/04/17, 100 ,42836,,,,,
0219,07,04,2010,7_4_2010,07/04/17, 96 ,42832,,,,,
0219,08,04,2010,8_4_2010,08/04/17, 97 ,42833,,,,,
0219,09,04,2010,9_4_2010,09/04/17, 98 ,42834,,,,,
0219,11,04,2013,11_4_2013,11/04/17, 100 ,42836,,,,,
0220,11,04,2009,11_4_2009,11/04/17, 100 ,42836,,,,,
0220,31,03,2013,31_3_2013,31/03/17, 89 ,42825,,,,,
0221,11,04,2009,11_4_2009,11/04/17, 100 ,42836,,,,,
0222,11,04,2009,11_4_2009,11/04/17, 100 ,42836,,,,,
0223,05,05,2005,5_5_2005,05/05/17, 124 ,42860,,,,,
0223,24,04,2007,24_4_2007,24/04/17, 113 ,42849,,,,,
0223,11,04,2009,11_4_2009,11/04/17, 100 ,42836,,,,,
0223,28,04,2012,28_4_2012,28/04/17, 117 ,42853,,,,,
0223,12,04,2013,12_4_2013,12/04/17, 101 ,42837,,,,,
0223,11,04,2015,11_4_2015,11/04/17, 100 ,42836,,,,,
0224,11,04,2009,11_4_2009,11/04/17, 100 ,42836,,,,,
0224,15,04,2013,15_4_2013,15/04/17, 104 ,42840,,,,,
0225,11,04,2009,11_4_2009,11/04/17, 100 ,42836,,,,,
0226,11,04,2009,11_4_2009,11/04/17, 100 ,42836,,,,,
0226,13,04,2011,13_4_2011,13/04/17, 102 ,42838,,,,,
0226,08,04,2015,8_4_2015,08/04/17, 97 ,42833,,,,,
0227,11,04,2009,11_4_2009,11/04/17, 100 ,42836,,,,,
0228,11,04,2009,11_4_2009,11/04/17, 100 ,42836,,,,,
0229,11,04,2009,11_4_2009,11/04/17, 100 ,42836,,,,,
0231,14,04,2009,14_4_2009,14/04/17, 103 ,42839,,,,,
0232,14,04,2009,14_4_2009,14/04/17, 103 ,42839,,,,,
0233,14,04,2009,14_4_2009,14/04/17, 103 ,42839,,,,,
0234,14,04,2009,14_4_2009,14/04/17, 103 ,42839,,,,,
0234,07,04,2014,7_4_2014,07/04/17, 96 ,42832,,,,,
0235,14,04,2009,14_4_2009,14/04/17, 103 ,42839,,,,,
0236,14,04,2009,14_4_2009,14/04/17, 103 ,42839,,,,,
0237,14,04,2009,14_4_2009,14/04/17, 103 ,42839,,,,,
0237,14,04,2011,14_4_2011,14/04/17, 103 ,42839,,,,,
0237,17,04,2011,17_4_2011,17/04/17, 106 ,42842,,,,,
0238,14,04,2009,14_4_2009,14/04/17, 103 ,42839,,,,,
0239,14,04,2009,14_4_2009,14/04/17, 103 ,42839,,,,,
0239,19,04,2009,19_4_2009,19/04/17, 108 ,42844,,,,,
0239,30,04,2009,30_4_2009,30/04/17, 119 ,42855,,,,,
0239,16,04,2012,16_4_2012,16/04/17, 105 ,42841,,,,,
0239,30,04,2013,30_4_2013,30/04/17, 119 ,42855,,,,,
0239,19,04,2014,19_4_2014,19/04/17, 108 ,42844,,,,,
0239,08,04,2015,8_4_2015,08/04/17, 97 ,42833,,,,,
0239,09,04,2015,9_4_2015,09/04/17, 98 ,42834,,,,,
0239,10,04,2015,10_4_2015,10/04/17, 99 ,42835,,,,,
0242,14,04,2009,14_4_2009,14/04/17, 103 ,42839,,,,,
0244,14,04,2009,14_4_2009,14/04/17, 103 ,42839,,,,,
0244,26,03,2011,26_3_2011,26/03/17, 84 ,42820,,,,,
0244,15,03,2012,15_3_2012,15/03/17, 73 ,42809,,,,,
0244,10,04,2013,10_4_2013,10/04/17, 99 ,42835,,,,,
0245,14,04,2009,14_4_2009,14/04/17, 103 ,42839,,,,,
0246,14,04,2009,14_4_2009,14/04/17, 103 ,42839,,,,,
0248,14,04,2009,14_4_2009,14/04/17, 103 ,42839,,,,,
0249,09,04,2008,9_4_2008,09/04/17, 98 ,42834,,,,,
0251,19,04,2009,19_4_2009,19/04/17, 108 ,42844,,,,,
0252,19,04,2009,19_4_2009,19/04/17, 108 ,42844,,,,,
0252,20,04,2009,20_4_2009,20/04/17, 109 ,42845,,,,,
0254,19,04,2009,19_4_2009,19/04/17, 108 ,42844,,,,,
0255,19,04,2009,19_4_2009,19/04/17, 108 ,42844,,,,,
0255,20,04,2009,20_4_2009,20/04/17, 109 ,42845,,,,,
0256,19,04,2009,19_4_2009,19/04/17, 108 ,42844,,,,,
0257,19,04,2009,19_4_2009,19/04/17, 108 ,42844,,,,,
0257,20,04,2009,20_4_2009,20/04/17, 109 ,42845,,,,,
0257,04,04,2017,4_4_2017,04/04/17, 93 ,42829,,,,,
0259,19,04,2009,19_4_2009,19/04/17, 108 ,42844,,,,,
0259,20,04,2009,20_4_2009,20/04/17, 109 ,42845,,,,,
0261,19,04,2009,19_4_2009,19/04/17, 108 ,42844,,,,,
0261,15,04,2011,15_4_2011,15/04/17, 104 ,42840,,,,,
0262,19,04,2009,19_4_2009,19/04/17, 108 ,42844,,,,,
0262,20,04,2009,20_4_2009,20/04/17, 109 ,42845,,,,,
0263,19,04,2009,19_4_2009,19/04/17, 108 ,42844,,,,,
0263,20,04,2009,20_4_2009,20/04/17, 109 ,42845,,,,,
0264,19,04,2009,19_4_2009,19/04/17, 108 ,42844,,,,,
0266,19,04,2009,19_4_2009,19/04/17, 108 ,42844,,,,,
0266,20,04,2009,20_4_2009,20/04/17, 109 ,42845,,,,,
0266,15,04,2012,15_4_2012,15/04/17, 104 ,42840,,,,,
0267,19,04,2009,19_4_2009,19/04/17, 108 ,42844,,,,,
0267,20,04,2009,20_4_2009,20/04/17, 109 ,42845,,,,,
0268,19,04,2009,19_4_2009,19/04/17, 108 ,42844,,,,,
0268,20,04,2009,20_4_2009,20/04/17, 109 ,42845,,,,,
0270,19,04,2009,19_4_2009,19/04/17, 108 ,42844,,,,,
0270,06,05,2010,6_5_2010,06/05/17, 125 ,42861,,,,,
0271,19,04,2009,19_4_2009,19/04/17, 108 ,42844,,,,,
0273,19,04,2009,19_4_2009,19/04/17, 108 ,42844,,,,,
0273,06,04,2010,6_4_2010,06/04/17, 95 ,42831,,,,,
0274,19,04,2009,19_4_2009,19/04/17, 108 ,42844,,,,,
0275,19,04,2009,19_4_2009,19/04/17, 108 ,42844,,,,,
0276,19,04,2009,19_4_2009,19/04/17, 108 ,42844,,,,,
0277,19,04,2009,19_4_2009,19/04/17, 108 ,42844,,,,,
0277,20,04,2009,20_4_2009,20/04/17, 109 ,42845,,,,,
0277,10,04,2010,10_4_2010,10/04/17, 99 ,42835,,,,,
0279,20,04,2009,20_4_2009,20/04/17, 109 ,42845,,,,,
0280,20,04,2009,20_4_2009,20/04/17, 109 ,42845,,,,,
0281,20,04,2009,20_4_2009,20/04/17, 109 ,42845,,,,,
0281,15,04,2012,15_4_2012,15/04/17, 104 ,42840,,,,,
0282,20,04,2009,20_4_2009,20/04/17, 109 ,42845,,,,,
0284,20,04,2009,20_4_2009,20/04/17, 109 ,42845,,,,,
0284,20,04,2013,20_4_2013,20/04/17, 109 ,42845,,,,,
0285,24,04,2009,24_4_2009,24/04/17, 113 ,42849,,,,,
0286,24,04,2009,24_4_2009,24/04/17, 113 ,42849,,,,,
0286,25,04,2009,25_4_2009,25/04/17, 114 ,42850,,,,,
0286,25,04,2013,25_4_2013,25/04/17, 114 ,42850,,,,,
0286,30,04,2013,30_4_2013,30/04/17, 119 ,42855,,,,,
0286,01,05,2013,1_5_2013,01/05/17, 120 ,42856,,,,,
0287,24,04,2009,24_4_2009,24/04/17, 113 ,42849,,,,,
0288,24,04,2009,24_4_2009,24/04/17, 113 ,42849,,,,,
0289,24,04,2009,24_4_2009,24/04/17, 113 ,42849,,,,,
0290,21,04,2009,21_4_2009,21/04/17, 110 ,42846,,,,,
0290,22,04,2009,22_4_2009,22/04/17, 111 ,42847,,,,,
0290,25,04,2009,25_4_2009,25/04/17, 114 ,42850,,,,,
0290,19,04,2013,19_4_2013,19/04/17, 108 ,42844,,,,,
0290,21,04,2013,21_4_2013,21/04/17, 110 ,42846,,,,,
0290,22,04,2013,22_4_2013,22/04/17, 111 ,42847,,,,,
0291,25,04,2009,25_4_2009,25/04/17, 114 ,42850,,,,,
0292,26,04,2009,26_4_2009,26/04/17, 115 ,42851,,,,,
0292,21,04,2011,21_4_2011,21/04/17, 110 ,42846,,,,,
0293,07,04,2009,7_4_2009,07/04/17, 96 ,42832,,,,,
0294,07,04,2009,7_4_2009,07/04/17, 96 ,42832,,,,,
0295,07,04,2009,7_4_2009,07/04/17, 96 ,42832,,,,,
0296,07,04,2009,7_4_2009,07/04/17, 96 ,42832,,,,,
0298,27,04,2009,27_4_2009,27/04/17, 116 ,42852,,,,,
0299,21,04,2009,21_4_2009,21/04/17, 110 ,42846,,,,,
0299,27,04,2009,27_4_2009,27/04/17, 116 ,42852,,,,,
0299,21,04,2013,21_4_2013,21/04/17, 110 ,42846,,,,,
0299,22,04,2013,22_4_2013,22/04/17, 111 ,42847,,,,,
0301,27,04,2009,27_4_2009,27/04/17, 116 ,42852,,,,,
0301,30,04,2009,30_4_2009,30/04/17, 119 ,42855,,,,,
0301,03,05,2010,3_5_2010,03/05/17, 122 ,42858,,,,,
0301,08,04,2015,8_4_2015,08/04/17, 97 ,42833,,,,,
0302,19,04,2009,19_4_2009,19/04/17, 108 ,42844,,,,,
0302,29,04,2009,29_4_2009,29/04/17, 118 ,42854,,,,,
0302,06,04,2010,6_4_2010,06/04/17, 95 ,42831,,,,,
0303,29,04,2009,29_4_2009,29/04/17, 118 ,42854,,,,,
0303,30,04,2009,30_4_2009,30/04/17, 119 ,42855,,,,,
0305,29,04,2009,29_4_2009,29/04/17, 118 ,42854,,,,,
0305,30,04,2009,30_4_2009,30/04/17, 119 ,42855,,,,,
0305,01,05,2009,1_5_2009,01/05/17, 120 ,42856,,,,,
0305,26,04,2012,26_4_2012,26/04/17, 115 ,42851,,,,,
0305,30,04,2013,30_4_2013,30/04/17, 119 ,42855,,,,,
0305,04,05,2013,4_5_2013,04/05/17, 123 ,42859,,,,,
0305,05,05,2013,5_5_2013,05/05/17, 124 ,42860,,,,,
0306,29,04,2009,29_4_2009,29/04/17, 118 ,42854,,,,,
0308,29,04,2009,29_4_2009,29/04/17, 118 ,42854,,,,,
0308,30,04,2009,30_4_2009,30/04/17, 119 ,42855,,,,,
0308,15,04,2011,15_4_2011,15/04/17, 104 ,42840,,,,,
0308,21,04,2013,21_4_2013,21/04/17, 110 ,42846,,,,,
0308,21,04,2014,21_4_2014,21/04/17, 110 ,42846,,,,,
0312,30,04,2009,30_4_2009,30/04/17, 119 ,42855,,,,,
0313,26,04,2009,26_4_2009,26/04/17, 115 ,42851,,,,,
0315,29,04,2009,29_4_2009,29/04/17, 118 ,42854,,,,,
0318,00,00,1994,0_0_1994,30/11/16, 334 ,42704,,,,,
0319,00,00,1994,0_0_1994,30/11/16, 334 ,42704,,,,,
0319,15,04,2012,15_4_2012,15/04/17, 104 ,42840,,,,,
0319,16,04,2012,16_4_2012,16/04/17, 105 ,42841,,,,,
0322,25,04,2009,25_4_2009,25/04/17, 114 ,42850,,,,,
0324,25,04,2009,25_4_2009,25/04/17, 114 ,42850,,,,,
0327,18,03,2010,18_3_2010,18/03/17, 76 ,42812,,,,,
0328,18,03,2010,18_3_2010,18/03/17, 76 ,42812,,,,,
0328,19,03,2012,19_3_2012,19/03/17, 77 ,42813,,,,,
0329,18,03,2010,18_3_2010,18/03/17, 76 ,42812,,,,,
0329,16,03,2012,16_3_2012,16/03/17, 74 ,42810,,,,,
0330,21,03,2010,21_3_2010,21/03/17, 79 ,42815,,,,,
0331,21,03,2010,21_3_2010,21/03/17, 79 ,42815,,,,,
0332,21,03,2010,21_3_2010,21/03/17, 79 ,42815,,,,,
0333,21,03,2010,21_3_2010,21/03/17, 79 ,42815,,,,,
0334,21,03,2010,21_3_2010,21/03/17, 79 ,42815,,,,,
0334,27,03,2011,27_3_2011,27/03/17, 85 ,42821,,,,,
0335,21,03,2010,21_3_2010,21/03/17, 79 ,42815,,,,,
0336,21,03,2010,21_3_2010,21/03/17, 79 ,42815,,,,,
0336,17,03,2012,17_3_2012,17/03/17, 75 ,42811,,,,,
0336,13,03,2013,13_3_2013,13/03/17, 71 ,42807,,,,,
0336,16,03,2014,16_3_2014,16/03/17, 74 ,42810,,,,,
0336,09,03,2015,9_3_2015,09/03/17, 67 ,42803,,,,,
0336,10,03,2015,10_3_2015,10/03/17, 68 ,42804,,,,,
0337,21,03,2010,21_3_2010,21/03/17, 79 ,42815,,,,,
0338,21,03,2010,21_3_2010,21/03/17, 79 ,42815,,,,,
0339,06,04,2010,6_4_2010,06/04/17, 95 ,42831,,,,,
0340,21,03,2010,21_3_2010,21/03/17, 79 ,42815,,,,,
0341,21,03,2010,21_3_2010,21/03/17, 79 ,42815,,,,,
0342,21,03,2010,21_3_2010,21/03/17, 79 ,42815,,,,,
0343,21,03,2010,21_3_2010,21/03/17, 79 ,42815,,,,,
0344,21,03,2010,21_3_2010,21/03/17, 79 ,42815,,,,,
0344,17,03,2012,17_3_2012,17/03/17, 75 ,42811,,,,,
0345,21,03,2010,21_3_2010,21/03/17, 79 ,42815,,,,,
0346,21,03,2010,21_3_2010,21/03/17, 79 ,42815,,,,,
0346,20,03,2014,20_3_2014,20/03/17, 78 ,42814,,,,,
0348,21,03,2010,21_3_2010,21/03/17, 79 ,42815,,,,,
0349,21,03,2010,21_3_2010,21/03/17, 79 ,42815,,,,,
0350,21,03,2010,21_3_2010,21/03/17, 79 ,42815,,,,,
0351,21,03,2010,21_3_2010,21/03/17, 79 ,42815,,,,,
0352,21,03,2010,21_3_2010,21/03/17, 79 ,42815,,,,,
0352,18,03,2017,18_3_2017,18/03/17, 76 ,42812,,,,,
0353,21,03,2010,21_3_2010,21/03/17, 79 ,42815,,,,,
0354,21,03,2010,21_3_2010,21/03/17, 79 ,42815,,,,,
0356,05,04,2010,5_4_2010,05/04/17, 94 ,42830,,,,,
0356,07,04,2010,7_4_2010,07/04/17, 96 ,42832,,,,,
0357,05,04,2010,5_4_2010,05/04/17, 94 ,42830,,,,,
0357,07,04,2010,7_4_2010,07/04/17, 96 ,42832,,,,,
0358,05,04,2010,5_4_2010,05/04/17, 94 ,42830,,,,,
0359,05,04,2010,5_4_2010,05/04/17, 94 ,42830,,,,,
0359,13,03,2013,13_3_2013,13/03/17, 71 ,42807,,,,,
0359,24,03,2016,24_3_2016,24/03/17, 82 ,42818,,,,,
0359,25,03,2017,25_3_2017,25/03/17, 83 ,42819,,,,,
0361,05,04,2010,5_4_2010,05/04/17, 94 ,42830,,,,,
0361,15,04,2012,15_4_2012,15/04/17, 104 ,42840,,,,,
0363,05,04,2010,5_4_2010,05/04/17, 94 ,42830,,,,,
0364,05,04,2010,5_4_2010,05/04/17, 94 ,42830,,,,,
0364,15,04,2012,15_4_2012,15/04/17, 104 ,42840,,,,,
0364,07,04,2014,7_4_2014,07/04/17, 96 ,42832,,,,,
0364,26,03,2017,26_3_2017,26/03/17, 84 ,42820,,,,,
0365,06,04,2010,6_4_2010,06/04/17, 95 ,42831,,,,,
0365,07,04,2010,7_4_2010,07/04/17, 96 ,42832,,,,,
0365,07,04,2013,7_4_2013,07/04/17, 96 ,42832,,,,,
0365,10,04,2013,10_4_2013,10/04/17, 99 ,42835,,,,,
0366,06,04,2010,6_4_2010,06/04/17, 95 ,42831,,,,,
0366,14,04,2016,14_4_2016,14/04/17, 103 ,42839,,,,,
0367,06,04,2010,6_4_2010,06/04/17, 95 ,42831,,,,,
0367,08,04,2013,8_4_2013,08/04/17, 97 ,42833,,,,,
0368,06,04,2010,6_4_2010,06/04/17, 95 ,42831,,,,,
0369,06,04,2010,6_4_2010,06/04/17, 95 ,42831,,,,,
0369,08,04,2010,8_4_2010,08/04/17, 97 ,42833,,,,,
0370,06,04,2010,6_4_2010,06/04/17, 95 ,42831,,,,,
0371,06,04,2010,6_4_2010,06/04/17, 95 ,42831,,,,,
0371,12,04,2014,12_4_2014,12/04/17, 101 ,42837,,,,,
0371,04,04,2016,4_4_2016,04/04/17, 93 ,42829,,,,,
0374,06,04,2010,6_4_2010,06/04/17, 95 ,42831,,,,,
0378,19,04,2010,19_4_2010,19/04/17, 108 ,42844,,,,,
0378,21,04,2012,21_4_2012,21/04/17, 110 ,42846,,,,,
0378,18,04,2013,18_4_2013,18/04/17, 107 ,42843,,,,,
0378,21,04,2013,21_4_2013,21/04/17, 110 ,42846,,,,,
0379,06,04,2010,6_4_2010,06/04/17, 95 ,42831,,,,,
0380,05,04,2010,5_4_2010,05/04/17, 94 ,42830,,,,,
0380,06,04,2010,6_4_2010,06/04/17, 95 ,42831,,,,,
0380,11,04,2014,11_4_2014,11/04/17, 100 ,42836,,,,,
0382,06,04,2010,6_4_2010,06/04/17, 95 ,42831,,,,,
0384,07,04,2010,7_4_2010,07/04/17, 96 ,42832,,,,,
0385,07,04,2010,7_4_2010,07/04/17, 96 ,42832,,,,,
0385,08,04,2010,8_4_2010,08/04/17, 97 ,42833,,,,,
0386,07,04,2010,7_4_2010,07/04/17, 96 ,42832,,,,,
0388,07,04,2010,7_4_2010,07/04/17, 96 ,42832,,,,,
0389,07,04,2010,7_4_2010,07/04/17, 96 ,42832,,,,,
0390,07,04,2010,7_4_2010,07/04/17, 96 ,42832,,,,,
0392,07,04,2010,7_4_2010,07/04/17, 96 ,42832,,,,,
0393,07,04,2010,7_4_2010,07/04/17, 96 ,42832,,,,,
0394,07,04,2010,7_4_2010,07/04/17, 96 ,42832,,,,,
0395,07,04,2010,7_4_2010,07/04/17, 96 ,42832,,,,,
0396,07,04,2010,7_4_2010,07/04/17, 96 ,42832,,,,,
0397,08,04,2010,8_4_2010,08/04/17, 97 ,42833,,,,,
0397,20,03,2015,20_3_2015,20/03/17, 78 ,42814,,,,,
0398,08,04,2010,8_4_2010,08/04/17, 97 ,42833,,,,,
0399,08,04,2010,8_4_2010,08/04/17, 97 ,42833,,,,,
0400,08,04,2010,8_4_2010,08/04/17, 97 ,42833,,,,,
0401,08,04,2010,8_4_2010,08/04/17, 97 ,42833,,,,,
0402,08,04,2010,8_4_2010,08/04/17, 97 ,42833,,,,,
0402,15,04,2012,15_4_2012,15/04/17, 104 ,42840,,,,,
0402,19,04,2012,19_4_2012,19/04/17, 108 ,42844,,,,,
0402,08,04,2013,8_4_2013,08/04/17, 97 ,42833,,,,,
0402,09,04,2013,9_4_2013,09/04/17, 98 ,42834,,,,,
0402,04,04,2016,4_4_2016,04/04/17, 93 ,42829,,,,,
0403,08,04,2010,8_4_2010,08/04/17, 97 ,42833,,,,,
0404,08,04,2010,8_4_2010,08/04/17, 97 ,42833,,,,,
0405,08,04,2010,8_4_2010,08/04/17, 97 ,42833,,,,,
0406,08,04,2010,8_4_2010,08/04/17, 97 ,42833,,,,,
0407,09,04,2010,9_4_2010,09/04/17, 98 ,42834,,,,,
0408,09,04,2010,9_4_2010,09/04/17, 98 ,42834,,,,,
0409,09,04,2010,9_4_2010,09/04/17, 98 ,42834,,,,,
0410,09,04,2010,9_4_2010,09/04/17, 98 ,42834,,,,,
0411,09,04,2010,9_4_2010,09/04/17, 98 ,42834,,,,,
0412,10,04,2010,10_4_2010,10/04/17, 99 ,42835,,,,,
0412,08,04,2013,8_4_2013,08/04/17, 97 ,42833,,,,,
0414,12,04,2010,12_4_2010,12/04/17, 101 ,42837,,,,,
0415,12,04,2010,12_4_2010,12/04/17, 101 ,42837,,,,,
0415,15,04,2011,15_4_2011,15/04/17, 104 ,42840,,,,,
0415,21,04,2012,21_4_2012,21/04/17, 110 ,42846,,,,,
0415,10,04,2015,10_4_2015,10/04/17, 99 ,42835,,,,,
0415,14,04,2016,14_4_2016,14/04/17, 103 ,42839,,,,,
0416,12,04,2010,12_4_2010,12/04/17, 101 ,42837,,,,,
0417,12,04,2010,12_4_2010,12/04/17, 101 ,42837,,,,,
0417,21,04,2013,21_4_2013,21/04/17, 110 ,42846,,,,,
0418,12,04,2010,12_4_2010,12/04/17, 101 ,42837,,,,,
0418,13,04,2010,13_4_2010,13/04/17, 102 ,42838,,,,,
0419,12,04,2010,12_4_2010,12/04/17, 101 ,42837,,,,,
0420,12,04,2010,12_4_2010,12/04/17, 101 ,42837,,,,,
0421,12,04,2010,12_4_2010,12/04/17, 101 ,42837,,,,,
0421,13,04,2016,13_4_2016,13/04/17, 102 ,42838,,,,,
0421,14,04,2016,14_4_2016,14/04/17, 103 ,42839,,,,,
0422,12,04,2010,12_4_2010,12/04/17, 101 ,42837,,,,,
0424,13,04,2010,13_4_2010,13/04/17, 102 ,42838,,,,,
0425,12,04,2010,12_4_2010,12/04/17, 101 ,42837,,,,,
0426,20,04,2008,20_4_2008,20/04/17, 109 ,42845,,,,,
0426,12,04,2010,12_4_2010,12/04/17, 101 ,42837,,,,,
0426,13,04,2010,13_4_2010,13/04/17, 102 ,42838,,,,,
0426,17,04,2011,17_4_2011,17/04/17, 106 ,42842,,,,,
0427,12,04,2010,12_4_2010,12/04/17, 101 ,42837,,,,,
0428,21,04,2010,21_4_2010,21/04/17, 110 ,42846,,,,,
0429,21,04,2010,21_4_2010,21/04/17, 110 ,42846,,,,,
0430,21,04,2010,21_4_2010,21/04/17, 110 ,42846,,,,,
0431,22,04,2010,22_4_2010,22/04/17, 111 ,42847,,,,,
0434,22,04,2010,22_4_2010,22/04/17, 111 ,42847,,,,,
0435,02,05,2010,2_5_2010,02/05/17, 121 ,42857,,,,,
0436,03,05,2010,3_5_2010,03/05/17, 122 ,42858,,,,,
0437,06,05,2010,6_5_2010,06/05/17, 125 ,42861,,,,,
0438,07,05,2010,7_5_2010,07/05/17, 126 ,42862,,,,,
0439,07,05,2010,7_5_2010,07/05/17, 126 ,42862,,,,,
0440,14,05,2010,14_5_2010,14/05/17, 133 ,42869,,,,,
0441,14,05,2010,14_5_2010,14/05/17, 133 ,42869,,,,,
0441,23,04,2016,23_4_2016,23/04/17, 112 ,42848,,,,,
0442,14,05,2010,14_5_2010,14/05/17, 133 ,42869,,,,,
0444,18,03,2010,18_3_2010,18/03/17, 76 ,42812,,,,,
0445,12,03,2006,12_3_2006,12/03/17, 70 ,42806,,,,,
0446,01,04,2006,1_4_2006,01/04/17, 90 ,42826,,,,,
0447,02,04,2006,2_4_2006,02/04/17, 91 ,42827,,,,,
0448,15,04,2006,15_4_2006,15/04/17, 104 ,42840,,,,,
0448,28,03,2011,28_3_2011,28/03/17, 86 ,42822,,,,,
0448,02,05,2012,2_5_2012,02/05/17, 121 ,42857,,,,,
0448,22,03,2015,22_3_2015,22/03/17, 80 ,42816,,,,,
0449,15,04,2006,15_4_2006,15/04/17, 104 ,42840,,,,,
0450,24,04,2007,24_4_2007,24/04/17, 113 ,42849,,,,,
0450,15,04,2011,15_4_2011,15/04/17, 104 ,42840,,,,,
0450,19,04,2013,19_4_2013,19/04/17, 108 ,42844,,,,,
0450,11,04,2014,11_4_2014,11/04/17, 100 ,42836,,,,,
0451,27,04,2007,27_4_2007,27/04/17, 116 ,42852,,,,,
0452,20,04,2008,20_4_2008,20/04/17, 109 ,42845,,,,,
0454,29,04,2008,29_4_2008,29/04/17, 118 ,42854,,,,,
0455,29,04,2008,29_4_2008,29/04/17, 118 ,42854,,,,,
0456,01,04,2006,1_4_2006,01/04/17, 90 ,42826,,,,,
0457,22,01,2011,22_1_2011,22/01/17, 21 ,42757,,,,,
0458,21,04,2010,21_4_2010,21/04/17, 110 ,42846,,,,,
0489,19,03,2011,19_3_2011,19/03/17, 77 ,42813,,,,,
0489,08,03,2017,8_3_2017,08/03/17, 66 ,42802,,,,,
0492,19,03,2011,19_3_2011,19/03/17, 77 ,42813,,,,,
0493,19,03,2011,19_3_2011,19/03/17, 77 ,42813,,,,,
0494,19,03,2011,19_3_2011,19/03/17, 77 ,42813,,,,,
0496,19,03,2011,19_3_2011,19/03/17, 77 ,42813,,,,,
0498,14,03,2011,14_3_2011,14/03/17, 72 ,42808,,,,,
0498,17,03,2012,17_3_2012,17/03/17, 75 ,42811,,,,,
0499,14,03,2011,14_3_2011,14/03/17, 72 ,42808,,,,,
0500,13,03,2011,13_3_2011,13/03/17, 71 ,42807,,,,,
0501,14,03,2011,14_3_2011,14/03/17, 72 ,42808,,,,,
0502,14,03,2011,14_3_2011,14/03/17, 72 ,42808,,,,,
0502,19,03,2011,19_3_2011,19/03/17, 77 ,42813,,,,,
0503,14,03,2011,14_3_2011,14/03/17, 72 ,42808,,,,,
0504,14,03,2011,14_3_2011,14/03/17, 72 ,42808,,,,,
0504,15,03,2011,15_3_2011,15/03/17, 73 ,42809,,,,,
0505,14,03,2011,14_3_2011,14/03/17, 72 ,42808,,,,,
0506,14,03,2011,14_3_2011,14/03/17, 72 ,42808,,,,,
0506,20,03,2015,20_3_2015,20/03/17, 78 ,42814,,,,,
0507,15,03,2011,15_3_2011,15/03/17, 73 ,42809,,,,,
0508,15,03,2011,15_3_2011,15/03/17, 73 ,42809,,,,,
0509,15,03,2011,15_3_2011,15/03/17, 73 ,42809,,,,,
0510,15,03,2011,15_3_2011,15/03/17, 73 ,42809,,,,,
0511,15,03,2011,15_3_2011,15/03/17, 73 ,42809,,,,,
0512,15,03,2011,15_3_2011,15/03/17, 73 ,42809,,,,,
0512,19,03,2011,19_3_2011,19/03/17, 77 ,42813,,,,,
0513,15,03,2011,15_3_2011,15/03/17, 73 ,42809,,,,,
0514,15,03,2011,15_3_2011,15/03/17, 73 ,42809,,,,,
0514,17,03,2012,17_3_2012,17/03/17, 75 ,42811,,,,,
0514,22,03,2012,22_3_2012,22/03/17, 80 ,42816,,,,,
0514,12,03,2017,12_3_2017,12/03/17, 70 ,42806,,,,,
0515,15,03,2011,15_3_2011,15/03/17, 73 ,42809,,,,,
0516,15,03,2011,15_3_2011,15/03/17, 73 ,42809,,,,,
0517,14,03,2011,14_3_2011,14/03/17, 72 ,42808,,,,,
0520,16,03,2011,16_3_2011,16/03/17, 74 ,42810,,,,,
0521,15,03,2011,15_3_2011,15/03/17, 73 ,42809,,,,,
0525,15,03,2011,15_3_2011,15/03/17, 73 ,42809,,,,,
0526,15,03,2011,15_3_2011,15/03/17, 73 ,42809,,,,,
0527,19,03,2011,19_3_2011,19/03/17, 77 ,42813,,,,,
0528,19,03,2011,19_3_2011,19/03/17, 77 ,42813,,,,,
0530,26,03,2011,26_3_2011,26/03/17, 84 ,42820,,,,,
0530,09,03,2015,9_3_2015,09/03/17, 67 ,42803,,,,,
0531,26,03,2011,26_3_2011,26/03/17, 84 ,42820,,,,,
0531,14,01,2017,14_1_2017,14/01/17, 13 ,42749,,,,,
0532,26,03,2011,26_3_2011,26/03/17, 84 ,42820,,,,,
0534,26,03,2011,26_3_2011,26/03/17, 84 ,42820,,,,,
0535,26,03,2011,26_3_2011,26/03/17, 84 ,42820,,,,,
0535,27,03,2011,27_3_2011,27/03/17, 85 ,42821,,,,,
0536,26,03,2011,26_3_2011,26/03/17, 84 ,42820,,,,,
0537,26,03,2011,26_3_2011,26/03/17, 84 ,42820,,,,,
0538,26,03,2011,26_3_2011,26/03/17, 84 ,42820,,,,,
0539,26,03,2011,26_3_2011,26/03/17, 84 ,42820,,,,,
0540,26,03,2011,26_3_2011,26/03/17, 84 ,42820,,,,,
0540,27,03,2011,27_3_2011,27/03/17, 85 ,42821,,,,,
0546,28,03,2011,28_3_2011,28/03/17, 86 ,42822,,,,,
0546,30,03,2011,30_3_2011,30/03/17, 88 ,42824,,,,,
0546,19,03,2012,19_3_2012,19/03/17, 77 ,42813,,,,,
0546,21,03,2012,21_3_2012,21/03/17, 79 ,42815,,,,,
0547,28,03,2011,28_3_2011,28/03/17, 86 ,42822,,,,,
0547,30,03,2011,30_3_2011,30/03/17, 88 ,42824,,,,,
0548,30,03,2011,30_3_2011,30/03/17, 88 ,42824,,,,,
0549,30,03,2011,30_3_2011,30/03/17, 88 ,42824,,,,,
0552,30,03,2011,30_3_2011,30/03/17, 88 ,42824,,,,,
0553,30,03,2011,30_3_2011,30/03/17, 88 ,42824,,,,,
0554,30,03,2011,30_3_2011,30/03/17, 88 ,42824,,,,,
0555,30,03,2011,30_3_2011,30/03/17, 88 ,42824,,,,,
0556,30,03,2011,30_3_2011,30/03/17, 88 ,42824,,,,,
0557,30,03,2011,30_3_2011,30/03/17, 88 ,42824,,,,,
0558,30,03,2011,30_3_2011,30/03/17, 88 ,42824,,,,,
0559,30,03,2011,30_3_2011,30/03/17, 88 ,42824,,,,,
0561,30,03,2011,30_3_2011,30/03/17, 88 ,42824,,,,,
0563,30,03,2011,30_3_2011,30/03/17, 88 ,42824,,,,,
0563,04,04,2011,4_4_2011,04/04/17, 93 ,42829,,,,,
0564,19,04,2009,19_4_2009,19/04/17, 108 ,42844,,,,,
0564,30,03,2011,30_3_2011,30/03/17, 88 ,42824,,,,,
0564,04,04,2013,4_4_2013,04/04/17, 93 ,42829,,,,,
0565,04,04,2011,4_4_2011,04/04/17, 93 ,42829,,,,,
0567,04,04,2011,4_4_2011,04/04/17, 93 ,42829,,,,,
0567,07,04,2011,7_4_2011,07/04/17, 96 ,42832,,,,,
0569,04,04,2011,4_4_2011,04/04/17, 93 ,42829,,,,,
0570,04,04,2011,4_4_2011,04/04/17, 93 ,42829,,,,,
0570,03,04,2015,3_4_2015,03/04/17, 92 ,42828,,,,,
0571,07,04,2011,7_4_2011,07/04/17, 96 ,42832,,,,,
0572,07,04,2011,7_4_2011,07/04/17, 96 ,42832,,,,,
0573,07,04,2011,7_4_2011,07/04/17, 96 ,42832,,,,,
0575,07,04,2011,7_4_2011,07/04/17, 96 ,42832,,,,,
0576,07,04,2011,7_4_2011,07/04/17, 96 ,42832,,,,,
0577,07,04,2011,7_4_2011,07/04/17, 96 ,42832,,,,,
0578,07,04,2011,7_4_2011,07/04/17, 96 ,42832,,,,,
0579,07,04,2011,7_4_2011,07/04/17, 96 ,42832,,,,,
0580,07,04,2011,7_4_2011,07/04/17, 96 ,42832,,,,,
0581,08,04,2011,8_4_2011,08/04/17, 97 ,42833,,,,,
0582,08,03,2011,8_3_2011,08/03/17, 66 ,42802,,,,,
0582,08,04,2011,8_4_2011,08/04/17, 97 ,42833,,,,,
0583,26,03,2011,26_3_2011,26/03/17, 84 ,42820,,,,,
0584,04,04,2011,4_4_2011,04/04/17, 93 ,42829,,,,,
0586,13,04,2011,13_4_2011,13/04/17, 102 ,42838,,,,,
0587,13,04,2011,13_4_2011,13/04/17, 102 ,42838,,,,,
0588,13,04,2011,13_4_2011,13/04/17, 102 ,42838,,,,,
0589,13,04,2011,13_4_2011,13/04/17, 102 ,42838,,,,,
0589,15,04,2011,15_4_2011,15/04/17, 104 ,42840,,,,,
0589,20,04,2011,20_4_2011,20/04/17, 109 ,42845,,,,,
0589,15,04,2013,15_4_2013,15/04/17, 104 ,42840,,,,,
0589,14,04,2016,14_4_2016,14/04/17, 103 ,42839,,,,,
0590,13,04,2011,13_4_2011,13/04/17, 102 ,42838,,,,,
0590,13,04,2013,13_4_2013,13/04/17, 102 ,42838,,,,,
0590,11,04,2014,11_4_2014,11/04/17, 100 ,42836,,,,,
0590,12,04,2014,12_4_2014,12/04/17, 101 ,42837,,,,,
0591,13,04,2011,13_4_2011,13/04/17, 102 ,42838,,,,,
0594,13,04,2011,13_4_2011,13/04/17, 102 ,42838,,,,,
0595,13,04,2011,13_4_2011,13/04/17, 102 ,42838,,,,,
0596,13,04,2011,13_4_2011,13/04/17, 102 ,42838,,,,,
0597,15,04,2011,15_4_2011,15/04/17, 104 ,42840,,,,,
0597,19,04,2014,19_4_2014,19/04/17, 108 ,42844,,,,,
0598,15,04,2011,15_4_2011,15/04/17, 104 ,42840,,,,,
0600,15,04,2011,15_4_2011,15/04/17, 104 ,42840,,,,,
0603,15,04,2011,15_4_2011,15/04/17, 104 ,42840,,,,,
0605,15,04,2011,15_4_2011,15/04/17, 104 ,42840,,,,,
0607,15,04,2011,15_4_2011,15/04/17, 104 ,42840,,,,,
0607,17,04,2011,17_4_2011,17/04/17, 106 ,42842,,,,,
0610,15,04,2011,15_4_2011,15/04/17, 104 ,42840,,,,,
0610,18,04,2011,18_4_2011,18/04/17, 107 ,42843,,,,,
0615,15,04,2011,15_4_2011,15/04/17, 104 ,42840,,,,,
0615,23,03,2015,23_3_2015,23/03/17, 81 ,42817,,,,,
0620,17,04,2011,17_4_2011,17/04/17, 106 ,42842,,,,,
0621,17,04,2011,17_4_2011,17/04/17, 106 ,42842,,,,,
0622,17,04,2011,17_4_2011,17/04/17, 106 ,42842,,,,,
0623,17,04,2011,17_4_2011,17/04/17, 106 ,42842,,,,,
0627,17,04,2011,17_4_2011,17/04/17, 106 ,42842,,,,,
0629,17,04,2011,17_4_2011,17/04/17, 106 ,42842,,,,,
0633,17,04,2011,17_4_2011,17/04/17, 106 ,42842,,,,,
0636,18,04,2011,18_4_2011,18/04/17, 107 ,42843,,,,,
0638,18,04,2011,18_4_2011,18/04/17, 107 ,42843,,,,,
0639,18,04,2011,18_4_2011,18/04/17, 107 ,42843,,,,,
0639,27,04,2016,27_4_2016,27/04/17, 116 ,42852,,,,,
0640,18,04,2011,18_4_2011,18/04/17, 107 ,42843,,,,,
0641,18,04,2011,18_4_2011,18/04/17, 107 ,42843,,,,,
0642,18,04,2011,18_4_2011,18/04/17, 107 ,42843,,,,,
0643,18,04,2011,18_4_2011,18/04/17, 107 ,42843,,,,,
0645,20,04,2011,20_4_2011,20/04/17, 109 ,42845,,,,,
0645,14,04,2012,14_4_2012,14/04/17, 103 ,42839,,,,,
0648,20,04,2011,20_4_2011,20/04/17, 109 ,42845,,,,,
0650,20,04,2011,20_4_2011,20/04/17, 109 ,42845,,,,,
0651,19,04,2011,19_4_2011,19/04/17, 108 ,42844,,,,,
0651,20,04,2011,20_4_2011,20/04/17, 109 ,42845,,,,,
0651,21,04,2011,21_4_2011,21/04/17, 110 ,42846,,,,,
0651,24,04,2011,24_4_2011,24/04/17, 113 ,42849,,,,,
0651,19,04,2013,19_4_2013,19/04/17, 108 ,42844,,,,,
0651,21,04,2013,21_4_2013,21/04/17, 110 ,42846,,,,,
0651,27,04,2016,27_4_2016,27/04/17, 116 ,42852,,,,,
0651,29,04,2016,29_4_2016,29/04/17, 118 ,42854,,,,,
0651,30,04,2016,30_4_2016,30/04/17, 119 ,42855,,,,,
0651,02,05,2016,2_5_2016,02/05/17, 121 ,42857,,,,,
0652,20,04,2011,20_4_2011,20/04/17, 109 ,42845,,,,,
0652,09,04,2017,9_4_2017,09/04/17, 98 ,42834,,,,,
0653,20,04,2011,20_4_2011,20/04/17, 109 ,42845,,,,,
0653,19,04,2014,19_4_2014,19/04/17, 108 ,42844,,,,,
0654,26,04,2011,26_4_2011,26/04/17, 115 ,42851,,,,,
0655,26,04,2011,26_4_2011,26/04/17, 115 ,42851,,,,,
0655,10,04,2013,10_4_2013,10/04/17, 99 ,42835,,,,,
0655,25,03,2017,25_3_2017,25/03/17, 83 ,42819,,,,,
0657,26,04,2011,26_4_2011,26/04/17, 115 ,42851,,,,,
0659,24,04,2011,24_4_2011,24/04/17, 113 ,42849,,,,,
0662,20,04,2011,20_4_2011,20/04/17, 109 ,42845,,,,,
0663,05,05,2011,5_5_2011,05/05/17, 124 ,42860,,,,,
0664,05,05,2011,5_5_2011,05/05/17, 124 ,42860,,,,,
0665,05,05,2011,5_5_2011,05/05/17, 124 ,42860,,,,,
0665,19,04,2012,19_4_2012,19/04/17, 108 ,42844,,,,,
0665,23,02,2016,23_2_2016,23/02/17, 53 ,42789,,,,,
0666,05,04,2009,5_4_2009,05/04/17, 94 ,42830,,,,,
0667,13,04,2010,13_4_2010,13/04/17, 102 ,42838,,,,,
0689,13,04,2006,13_4_2006,13/04/17, 102 ,42838,,,,,
0690,09,01,2012,9_1_2012,09/01/17, 8 ,42744,,,,,
0691,12,04,2010,12_4_2010,12/04/17, 101 ,42837,,,,,
0692,15,03,2011,15_3_2011,15/03/17, 73 ,42809,,,,,
0693,21,01,2012,21_1_2012,21/01/17, 20 ,42756,,,,,
0700,21,01,2012,21_1_2012,21/01/17, 20 ,42756,,,,,
0700,23,01,2012,23_1_2012,23/01/17, 22 ,42758,,,,,
0701,21,01,2012,21_1_2012,21/01/17, 20 ,42756,,,,,
0703,23,01,2012,23_1_2012,23/01/17, 22 ,42758,,,,,
0704,20,01,2012,20_1_2012,20/01/17, 19 ,42755,,,,,
0705,01,02,2012,1_2_2012,01/02/17, 31 ,42767,,,,,
0706,01,02,2012,1_2_2012,01/02/17, 31 ,42767,,,,,
0707,29,02,2012,29_2_2012,01/03/17, 59 ,42795,,,,,
0708,29,02,2012,29_2_2012,01/03/17, 59 ,42795,,,,,
0709,29,02,2012,29_2_2012,01/03/17, 59 ,42795,,,,,
0710,29,02,2012,29_2_2012,01/03/17, 59 ,42795,,,,,
0711,29,02,2012,29_2_2012,01/03/17, 59 ,42795,,,,,
0713,29,02,2012,29_2_2012,01/03/17, 59 ,42795,,,,,
0714,29,02,2012,29_2_2012,01/03/17, 59 ,42795,,,,,
0715,29,02,2012,29_2_2012,01/03/17, 59 ,42795,,,,,
0717,29,02,2012,29_2_2012,01/03/17, 59 ,42795,,,,,
0718,29,02,2012,29_2_2012,01/03/17, 59 ,42795,,,,,
0719,29,02,2012,29_2_2012,01/03/17, 59 ,42795,,,,,
0720,13,03,2012,13_3_2012,13/03/17, 71 ,42807,,,,,
0721,13,03,2012,13_3_2012,13/03/17, 71 ,42807,,,,,
0721,14,03,2012,14_3_2012,14/03/17, 72 ,42808,,,,,
0722,13,03,2012,13_3_2012,13/03/17, 71 ,42807,,,,,
0723,13,03,2012,13_3_2012,13/03/17, 71 ,42807,,,,,
0723,15,03,2012,15_3_2012,15/03/17, 73 ,42809,,,,,
0724,13,03,2012,13_3_2012,13/03/17, 71 ,42807,,,,,
0728,14,03,2012,14_3_2012,14/03/17, 72 ,42808,,,,,
0728,15,03,2012,15_3_2012,15/03/17, 73 ,42809,,,,,
0728,19,03,2012,19_3_2012,19/03/17, 77 ,42813,,,,,
0728,16,08,2016,16_8_2016,16/08/17, 227 ,42963,,,,,
0730,14,03,2012,14_3_2012,14/03/17, 72 ,42808,,,,,
0731,14,03,2012,14_3_2012,14/03/17, 72 ,42808,,,,,
0732,14,03,2012,14_3_2012,14/03/17, 72 ,42808,,,,,
0732,16,03,2012,16_3_2012,16/03/17, 74 ,42810,,,,,
0734,14,03,2012,14_3_2012,14/03/17, 72 ,42808,,,,,
0735,14,03,2012,14_3_2012,14/03/17, 72 ,42808,,,,,
0735,15,03,2012,15_3_2012,15/03/17, 73 ,42809,,,,,
0735,18,03,2017,18_3_2017,18/03/17, 76 ,42812,,,,,
0736,14,03,2012,14_3_2012,14/03/17, 72 ,42808,,,,,
0736,15,03,2012,15_3_2012,15/03/17, 73 ,42809,,,,,
0736,13,03,2013,13_3_2013,13/03/17, 71 ,42807,,,,,
0736,10,03,2015,10_3_2015,10/03/17, 68 ,42804,,,,,
0737,14,03,2012,14_3_2012,14/03/17, 72 ,42808,,,,,
0738,14,03,2012,14_3_2012,14/03/17, 72 ,42808,,,,,
0741,14,03,2012,14_3_2012,14/03/17, 72 ,42808,,,,,
0742,14,03,2012,14_3_2012,14/03/17, 72 ,42808,,,,,
0743,14,03,2012,14_3_2012,14/03/17, 72 ,42808,,,,,
0744,14,03,2012,14_3_2012,14/03/17, 72 ,42808,,,,,
0745,14,03,2012,14_3_2012,14/03/17, 72 ,42808,,,,,
0746,14,03,2012,14_3_2012,14/03/17, 72 ,42808,,,,,
0747,14,03,2012,14_3_2012,14/03/17, 72 ,42808,,,,,
0748,14,03,2012,14_3_2012,14/03/17, 72 ,42808,,,,,
0749,14,03,2012,14_3_2012,14/03/17, 72 ,42808,,,,,
0749,21,03,2012,21_3_2012,21/03/17, 79 ,42815,,,,,
0749,16,03,2014,16_3_2014,16/03/17, 74 ,42810,,,,,
0749,16,05,2014,16_5_2014,16/05/17, 135 ,42871,,,,,
0750,15,03,2012,15_3_2012,15/03/17, 73 ,42809,,,,,
0751,15,03,2012,15_3_2012,15/03/17, 73 ,42809,,,,,
0752,15,03,2012,15_3_2012,15/03/17, 73 ,42809,,,,,
0752,16,03,2012,16_3_2012,16/03/17, 74 ,42810,,,,,
0754,15,03,2012,15_3_2012,15/03/17, 73 ,42809,,,,,
0758,15,03,2012,15_3_2012,15/03/17, 73 ,42809,,,,,
0758,17,03,2012,17_3_2012,17/03/17, 75 ,42811,,,,,
0758,22,03,2012,22_3_2012,22/03/17, 80 ,42816,,,,,
0758,18,03,2017,18_3_2017,18/03/17, 76 ,42812,,,,,
0759,15,03,2012,15_3_2012,15/03/17, 73 ,42809,,,,,
0761,15,03,2012,15_3_2012,15/03/17, 73 ,42809,,,,,
0765,16,03,2012,16_3_2012,16/03/17, 74 ,42810,,,,,
0767,15,03,2012,15_3_2012,15/03/17, 73 ,42809,,,,,
0767,16,03,2012,16_3_2012,16/03/17, 74 ,42810,,,,,
0767,19,03,2012,19_3_2012,19/03/17, 77 ,42813,,,,,
0767,16,03,2014,16_3_2014,16/03/17, 74 ,42810,,,,,
0768,16,03,2012,16_3_2012,16/03/17, 74 ,42810,,,,,
0772,16,03,2012,16_3_2012,16/03/17, 74 ,42810,,,,,
0773,16,03,2012,16_3_2012,16/03/17, 74 ,42810,,,,,
0774,16,03,2012,16_3_2012,16/03/17, 74 ,42810,,,,,
0778,16,03,2012,16_3_2012,16/03/17, 74 ,42810,,,,,
0781,16,03,2012,16_3_2012,16/03/17, 74 ,42810,,,,,
0781,17,03,2012,17_3_2012,17/03/17, 75 ,42811,,,,,
0783,17,03,2012,17_3_2012,17/03/17, 75 ,42811,,,,,
0784,17,03,2012,17_3_2012,17/03/17, 75 ,42811,,,,,
0784,21,03,2012,21_3_2012,21/03/17, 79 ,42815,,,,,
0785,17,03,2012,17_3_2012,17/03/17, 75 ,42811,,,,,
0786,17,03,2012,17_3_2012,17/03/17, 75 ,42811,,,,,
0787,17,03,2012,17_3_2012,17/03/17, 75 ,42811,,,,,
0789,17,03,2012,17_3_2012,17/03/17, 75 ,42811,,,,,
0790,15,03,2012,15_3_2012,15/03/17, 73 ,42809,,,,,
0790,17,03,2012,17_3_2012,17/03/17, 75 ,42811,,,,,
0791,15,03,2012,15_3_2012,15/03/17, 73 ,42809,,,,,
0791,17,03,2012,17_3_2012,17/03/17, 75 ,42811,,,,,
0792,17,03,2012,17_3_2012,17/03/17, 75 ,42811,,,,,
0793,17,03,2012,17_3_2012,17/03/17, 75 ,42811,,,,,
0795,17,03,2012,17_3_2012,17/03/17, 75 ,42811,,,,,
0796,17,03,2012,17_3_2012,17/03/17, 75 ,42811,,,,,
0797,18,03,2012,18_3_2012,18/03/17, 76 ,42812,,,,,
0798,18,03,2012,18_3_2012,18/03/17, 76 ,42812,,,,,
0800,18,03,2012,18_3_2012,18/03/17, 76 ,42812,,,,,
0801,18,03,2012,18_3_2012,18/03/17, 76 ,42812,,,,,
0803,18,03,2012,18_3_2012,18/03/17, 76 ,42812,,,,,
0806,18,03,2012,18_3_2012,18/03/17, 76 ,42812,,,,,
0807,18,03,2012,18_3_2012,18/03/17, 76 ,42812,,,,,
0809,18,03,2012,18_3_2012,18/03/17, 76 ,42812,,,,,
0810,19,03,2012,19_3_2012,19/03/17, 77 ,42813,,,,,
0811,19,03,2012,19_3_2012,19/03/17, 77 ,42813,,,,,
0812,19,03,2012,19_3_2012,19/03/17, 77 ,42813,,,,,
0813,19,03,2012,19_3_2012,19/03/17, 77 ,42813,,,,,
0814,19,03,2012,19_3_2012,19/03/17, 77 ,42813,,,,,
0815,19,03,2012,19_3_2012,19/03/17, 77 ,42813,,,,,
0818,19,03,2012,19_3_2012,19/03/17, 77 ,42813,,,,,
0819,19,03,2012,19_3_2012,19/03/17, 77 ,42813,,,,,
0820,19,03,2012,19_3_2012,19/03/17, 77 ,42813,,,,,
0820,08,04,2013,8_4_2013,08/04/17, 97 ,42833,,,,,
0821,19,03,2012,19_3_2012,19/03/17, 77 ,42813,,,,,
0825,19,03,2012,19_3_2012,19/03/17, 77 ,42813,,,,,
0826,19,03,2012,19_3_2012,19/03/17, 77 ,42813,,,,,
0827,19,03,2012,19_3_2012,19/03/17, 77 ,42813,,,,,
0829,21,03,2012,21_3_2012,21/03/17, 79 ,42815,,,,,
0830,21,03,2012,21_3_2012,21/03/17, 79 ,42815,,,,,
0831,21,03,2012,21_3_2012,21/03/17, 79 ,42815,,,,,
0832,21,03,2012,21_3_2012,21/03/17, 79 ,42815,,,,,
0833,21,03,2012,21_3_2012,21/03/17, 79 ,42815,,,,,
0835,21,03,2012,21_3_2012,21/03/17, 79 ,42815,,,,,
0835,03,04,2013,3_4_2013,03/04/17, 92 ,42828,,,,,
0836,21,03,2012,21_3_2012,21/03/17, 79 ,42815,,,,,
0837,21,03,2012,21_3_2012,21/03/17, 79 ,42815,,,,,
0839,21,03,2012,21_3_2012,21/03/17, 79 ,42815,,,,,
0840,21,03,2012,21_3_2012,21/03/17, 79 ,42815,,,,,
0842,21,03,2012,21_3_2012,21/03/17, 79 ,42815,,,,,
0843,21,03,2012,21_3_2012,21/03/17, 79 ,42815,,,,,
0843,23,03,2015,23_3_2015,23/03/17, 81 ,42817,,,,,
0843,08,03,2017,8_3_2017,08/03/17, 66 ,42802,,,,,
0845,21,03,2012,21_3_2012,21/03/17, 79 ,42815,,,,,
0846,21,03,2012,21_3_2012,21/03/17, 79 ,42815,,,,,
0846,24,03,2013,24_3_2013,24/03/17, 82 ,42818,,,,,
0847,24,03,2012,24_3_2012,24/03/17, 82 ,42818,,,,,
0848,23,03,2012,23_3_2012,23/03/17, 81 ,42817,,,,,
0848,24,03,2012,24_3_2012,24/03/17, 82 ,42818,,,,,
0848,25,03,2012,25_3_2012,25/03/17, 83 ,42819,,,,,
0849,24,03,2012,24_3_2012,24/03/17, 82 ,42818,,,,,
0851,24,03,2012,24_3_2012,24/03/17, 82 ,42818,,,,,
0852,21,03,2012,21_3_2012,21/03/17, 79 ,42815,,,,,
0852,14,08,2016,14_8_2016,14/08/17, 225 ,42961,,,,,
0855,25,03,2012,25_3_2012,25/03/17, 83 ,42819,,,,,
0856,25,03,2012,25_3_2012,25/03/17, 83 ,42819,,,,,
0856,09,04,2013,9_4_2013,09/04/17, 98 ,42834,,,,,
0857,25,03,2012,25_3_2012,25/03/17, 83 ,42819,,,,,
0858,16,03,2012,16_3_2012,16/03/17, 74 ,42810,,,,,
0859,09,04,2012,9_4_2012,09/04/17, 98 ,42834,,,,,
0860,09,04,2012,9_4_2012,09/04/17, 98 ,42834,,,,,
0860,11,04,2012,11_4_2012,11/04/17, 100 ,42836,,,,,
0860,15,04,2012,15_4_2012,15/04/17, 104 ,42840,,,,,
0861,09,04,2012,9_4_2012,09/04/17, 98 ,42834,,,,,
0862,09,04,2012,9_4_2012,09/04/17, 98 ,42834,,,,,
0863,09,04,2012,9_4_2012,09/04/17, 98 ,42834,,,,,
0863,09,05,2014,9_5_2014,09/05/17, 128 ,42864,,,,,
0863,09,04,2015,9_4_2015,09/04/17, 98 ,42834,,,,,
0864,09,04,2012,9_4_2012,09/04/17, 98 ,42834,,,,,
0865,09,04,2012,9_4_2012,09/04/17, 98 ,42834,,,,,
0866,09,04,2012,9_4_2012,09/04/17, 98 ,42834,,,,,
0867,09,04,2012,9_4_2012,09/04/17, 98 ,42834,,,,,
0868,09,04,2012,9_4_2012,09/04/17, 98 ,42834,,,,,
0869,09,04,2012,9_4_2012,09/04/17, 98 ,42834,,,,,
0870,09,04,2012,9_4_2012,09/04/17, 98 ,42834,,,,,
0872,09,04,2012,9_4_2012,09/04/17, 98 ,42834,,,,,
0874,11,04,2012,11_4_2012,11/04/17, 100 ,42836,,,,,
0876,17,03,2012,17_3_2012,17/03/17, 75 ,42811,,,,,
0877,14,04,2012,14_4_2012,14/04/17, 103 ,42839,,,,,
0877,08,04,2015,8_4_2015,08/04/17, 97 ,42833,,,,,
0879,15,04,2012,15_4_2012,15/04/17, 104 ,42840,,,,,
0880,15,04,2012,15_4_2012,15/04/17, 104 ,42840,,,,,
0881,15,04,2012,15_4_2012,15/04/17, 104 ,42840,,,,,
0882,15,04,2012,15_4_2012,15/04/17, 104 ,42840,,,,,
0883,15,04,2012,15_4_2012,15/04/17, 104 ,42840,,,,,
0884,15,04,2012,15_4_2012,15/04/17, 104 ,42840,,,,,
0885,15,04,2012,15_4_2012,15/04/17, 104 ,42840,,,,,
0885,26,03,2017,26_3_2017,26/03/17, 84 ,42820,,,,,
0886,15,04,2012,15_4_2012,15/04/17, 104 ,42840,,,,,
0887,15,04,2012,15_4_2012,15/04/17, 104 ,42840,,,,,
0889,15,04,2012,15_4_2012,15/04/17, 104 ,42840,,,,,
0889,09,04,2013,9_4_2013,09/04/17, 98 ,42834,,,,,
0889,10,04,2013,10_4_2013,10/04/17, 99 ,42835,,,,,
0889,23,03,2015,23_3_2015,23/03/17, 81 ,42817,,,,,
0889,15,04,2015,15_4_2015,15/04/17, 104 ,42840,,,,,
0890,15,04,2012,15_4_2012,15/04/17, 104 ,42840,,,,,
0890,10,04,2015,10_4_2015,10/04/17, 99 ,42835,,,,,
0891,15,04,2012,15_4_2012,15/04/17, 104 ,42840,,,,,
0892,15,04,2012,15_4_2012,15/04/17, 104 ,42840,,,,,
0893,15,04,2012,15_4_2012,15/04/17, 104 ,42840,,,,,
0893,19,04,2013,19_4_2013,19/04/17, 108 ,42844,,,,,
0896,15,04,2012,15_4_2012,15/04/17, 104 ,42840,,,,,
0896,16,04,2012,16_4_2012,16/04/17, 105 ,42841,,,,,
0896,21,04,2013,21_4_2013,21/04/17, 110 ,42846,,,,,
0897,15,04,2012,15_4_2012,15/04/17, 104 ,42840,,,,,
0898,12,04,2012,12_4_2012,12/04/17, 101 ,42837,,,,,
0898,15,04,2012,15_4_2012,15/04/17, 104 ,42840,,,,,
0899,15,04,2012,15_4_2012,15/04/17, 104 ,42840,,,,,
0899,09,04,2013,9_4_2013,09/04/17, 98 ,42834,,,,,
0899,23,03,2015,23_3_2015,23/03/17, 81 ,42817,,,,,
0901,15,04,2012,15_4_2012,15/04/17, 104 ,42840,,,,,
0902,15,04,2012,15_4_2012,15/04/17, 104 ,42840,,,,,
0903,15,04,2012,15_4_2012,15/04/17, 104 ,42840,,,,,
0905,16,04,2012,16_4_2012,16/04/17, 105 ,42841,,,,,
0907,16,04,2012,16_4_2012,16/04/17, 105 ,42841,,,,,
0908,16,04,2012,16_4_2012,16/04/17, 105 ,42841,,,,,
0910,18,04,2012,18_4_2012,18/04/17, 107 ,42843,,,,,
0910,29,04,2016,29_4_2016,29/04/17, 118 ,42854,,,,,
0911,18,04,2012,18_4_2012,18/04/17, 107 ,42843,,,,,
0912,18,04,2012,18_4_2012,18/04/17, 107 ,42843,,,,,
0913,18,04,2012,18_4_2012,18/04/17, 107 ,42843,,,,,
0914,18,04,2012,18_4_2012,18/04/17, 107 ,42843,,,,,
0917,12,03,2012,12_3_2012,12/03/17, 70 ,42806,,,,,
0917,23,03,2012,23_3_2012,23/03/17, 81 ,42817,,,,,
0920,16,04,2012,16_4_2012,16/04/17, 105 ,42841,,,,,
0921,16,04,2012,16_4_2012,16/04/17, 105 ,42841,,,,,
0923,19,04,2012,19_4_2012,19/04/17, 108 ,42844,,,,,
0924,19,04,2012,19_4_2012,19/04/17, 108 ,42844,,,,,
0924,20,04,2012,20_4_2012,20/04/17, 109 ,42845,,,,,
0924,16,04,2017,16_4_2017,16/04/17, 105 ,42841,,,,,
0924,22,04,2017,22_4_2017,22/04/17, 111 ,42847,,,,,
0925,18,04,2012,18_4_2012,18/04/17, 107 ,42843,,,,,
0925,19,04,2012,19_4_2012,19/04/17, 108 ,42844,,,,,
0925,20,04,2012,20_4_2012,20/04/17, 109 ,42845,,,,,
0925,15,04,2013,15_4_2013,15/04/17, 104 ,42840,,,,,
0925,18,04,2013,18_4_2013,18/04/17, 107 ,42843,,,,,
0925,19,04,2013,19_4_2013,19/04/17, 108 ,42844,,,,,
0929,19,04,2012,19_4_2012,19/04/17, 108 ,42844,,,,,
0931,20,04,2012,20_4_2012,20/04/17, 109 ,42845,,,,,
0932,20,04,2012,20_4_2012,20/04/17, 109 ,42845,,,,,
0932,21,04,2012,21_4_2012,21/04/17, 110 ,42846,,,,,
0933,20,04,2012,20_4_2012,20/04/17, 109 ,42845,,,,,
0934,20,04,2012,20_4_2012,20/04/17, 109 ,42845,,,,,
0938,21,04,2012,21_4_2012,21/04/17, 110 ,42846,,,,,
0940,21,04,2012,21_4_2012,21/04/17, 110 ,42846,,,,,
0941,21,04,2012,21_4_2012,21/04/17, 110 ,42846,,,,,
0942,21,04,2012,21_4_2012,21/04/17, 110 ,42846,,,,,
0945,22,04,2012,22_4_2012,22/04/17, 111 ,42847,,,,,
0946,19,04,2012,19_4_2012,19/04/17, 108 ,42844,,,,,
0947,23,04,2012,23_4_2012,23/04/17, 112 ,42848,,,,,
0948,21,04,2012,21_4_2012,21/04/17, 110 ,42846,,,,,
0950,21,04,2012,21_4_2012,21/04/17, 110 ,42846,,,,,
0951,22,04,2012,22_4_2012,22/04/17, 111 ,42847,,,,,
0952,26,04,2012,26_4_2012,26/04/17, 115 ,42851,,,,,
0952,21,04,2013,21_4_2013,21/04/17, 110 ,42846,,,,,
0955,21,04,2012,21_4_2012,21/04/17, 110 ,42846,,,,,
0956,02,05,2012,2_5_2012,02/05/17, 121 ,42857,,,,,
0957,19,03,2012,19_3_2012,19/03/17, 77 ,42813,,,,,
1001,09,01,2013,9_1_2013,09/01/17, 8 ,42744,,,,,
1002,14,01,2013,14_1_2013,14/01/17, 13 ,42749,,,,,
1003,15,01,2013,15_1_2013,15/01/17, 14 ,42750,,,,,
1004,15,01,2013,15_1_2013,15/01/17, 14 ,42750,,,,,
1005,15,01,2013,15_1_2013,15/01/17, 14 ,42750,,,,,
1006,16,01,2013,16_1_2013,16/01/17, 15 ,42751,,,,,
1007,16,01,2013,16_1_2013,16/01/17, 15 ,42751,,,,,
1008,16,01,2013,16_1_2013,16/01/17, 15 ,42751,,,,,
1009,15,01,2013,15_1_2013,15/01/17, 14 ,42750,,,,,
1010,26,02,2013,26_2_2013,26/02/17, 56 ,42792,,,,,
1011,26,02,2013,26_2_2013,26/02/17, 56 ,42792,,,,,
1012,13,03,2013,13_3_2013,13/03/17, 71 ,42807,,,,,
1015,13,03,2013,13_3_2013,13/03/17, 71 ,42807,,,,,
1016,13,03,2013,13_3_2013,13/03/17, 71 ,42807,,,,,
1017,13,03,2013,13_3_2013,13/03/17, 71 ,42807,,,,,
1018,13,03,2013,13_3_2013,13/03/17, 71 ,42807,,,,,
1022,14,03,2013,14_3_2013,14/03/17, 72 ,42808,,,,,
1023,18,03,2013,18_3_2013,18/03/17, 76 ,42812,,,,,
1024,18,03,2013,18_3_2013,18/03/17, 76 ,42812,,,,,
1025,18,03,2013,18_3_2013,18/03/17, 76 ,42812,,,,,
1026,18,03,2013,18_3_2013,18/03/17, 76 ,42812,,,,,
1027,24,03,2013,24_3_2013,24/03/17, 82 ,42818,,,,,
1028,24,03,2013,24_3_2013,24/03/17, 82 ,42818,,,,,
1029,24,03,2013,24_3_2013,24/03/17, 82 ,42818,,,,,
1030,24,03,2013,24_3_2013,24/03/17, 82 ,42818,,,,,
1030,23,03,2016,23_3_2016,23/03/17, 81 ,42817,,,,,
1032,24,03,2013,24_3_2013,24/03/17, 82 ,42818,,,,,
1033,24,03,2013,24_3_2013,24/03/17, 82 ,42818,,,,,
1036,24,03,2013,24_3_2013,24/03/17, 82 ,42818,,,,,
1037,24,03,2013,24_3_2013,24/03/17, 82 ,42818,,,,,
1039,03,03,2013,3_3_2013,03/03/17, 61 ,42797,,,,,
1039,31,03,2013,31_3_2013,31/03/17, 89 ,42825,,,,,
1042,31,03,2013,31_3_2013,31/03/17, 89 ,42825,,,,,
1043,31,03,2013,31_3_2013,31/03/17, 89 ,42825,,,,,
1044,31,03,2013,31_3_2013,31/03/17, 89 ,42825,,,,,
1045,31,03,2013,31_3_2013,31/03/17, 89 ,42825,,,,,
1047,03,04,2013,3_4_2013,03/04/17, 92 ,42828,,,,,
1048,03,04,2013,3_4_2013,03/04/17, 92 ,42828,,,,,
1049,10,04,2013,10_4_2013,10/04/17, 99 ,42835,,,,,
1051,03,04,2013,3_4_2013,03/04/17, 92 ,42828,,,,,
1052,03,04,2013,3_4_2013,03/04/17, 92 ,42828,,,,,
1053,03,04,2013,3_4_2013,03/04/17, 92 ,42828,,,,,
1055,03,04,2013,3_4_2013,03/04/17, 92 ,42828,,,,,
1056,03,04,2013,3_4_2013,03/04/17, 92 ,42828,,,,,
1060,03,04,2013,3_4_2013,03/04/17, 92 ,42828,,,,,
1065,03,04,2013,3_4_2013,03/04/17, 92 ,42828,,,,,
1066,03,04,2013,3_4_2013,03/04/17, 92 ,42828,,,,,
1069,03,04,2013,3_4_2013,03/04/17, 92 ,42828,,,,,
1074,03,04,2013,3_4_2013,03/04/17, 92 ,42828,,,,,
1076,03,04,2013,3_4_2013,03/04/17, 92 ,42828,,,,,
1077,03,04,2013,3_4_2013,03/04/17, 92 ,42828,,,,,
1077,09,04,2017,9_4_2017,09/04/17, 98 ,42834,,,,,
1079,03,04,2013,3_4_2013,03/04/17, 92 ,42828,,,,,
1080,03,04,2013,3_4_2013,03/04/17, 92 ,42828,,,,,
1081,03,04,2013,3_4_2013,03/04/17, 92 ,42828,,,,,
1084,04,04,2013,4_4_2013,04/04/17, 93 ,42829,,,,,
1084,08,04,2013,8_4_2013,08/04/17, 97 ,42833,,,,,
1085,04,04,2013,4_4_2013,04/04/17, 93 ,42829,,,,,
1086,04,04,2013,4_4_2013,04/04/17, 93 ,42829,,,,,
1087,03,04,2013,3_4_2013,03/04/17, 92 ,42828,,,,,
1089,08,04,2013,8_4_2013,08/04/17, 97 ,42833,,,,,
1090,08,04,2013,8_4_2013,08/04/17, 97 ,42833,,,,,
1092,08,04,2013,8_4_2013,08/04/17, 97 ,42833,,,,,
1093,08,04,2013,8_4_2013,08/04/17, 97 ,42833,,,,,
1094,08,04,2013,8_4_2013,08/04/17, 97 ,42833,,,,,
1094,03,04,2015,3_4_2015,03/04/17, 92 ,42828,,,,,
1099,08,04,2013,8_4_2013,08/04/17, 97 ,42833,,,,,
1100,09,04,2013,9_4_2013,09/04/17, 98 ,42834,,,,,
1101,09,04,2013,9_4_2013,09/04/17, 98 ,42834,,,,,
1103,09,04,2013,9_4_2013,09/04/17, 98 ,42834,,,,,
1107,09,04,2013,9_4_2013,09/04/17, 98 ,42834,,,,,
1107,10,04,2013,10_4_2013,10/04/17, 99 ,42835,,,,,
1111,09,04,2013,9_4_2013,09/04/17, 98 ,42834,,,,,
1112,09,04,2013,9_4_2013,09/04/17, 98 ,42834,,,,,
1113,09,04,2013,9_4_2013,09/04/17, 98 ,42834,,,,,
1114,09,04,2013,9_4_2013,09/04/17, 98 ,42834,,,,,
1115,09,04,2013,9_4_2013,09/04/17, 98 ,42834,,,,,
1116,09,04,2013,9_4_2013,09/04/17, 98 ,42834,,,,,
1117,10,04,2013,10_4_2013,10/04/17, 99 ,42835,,,,,
1120,10,04,2013,10_4_2013,10/04/17, 99 ,42835,,,,,
1121,10,04,2013,10_4_2013,10/04/17, 99 ,42835,,,,,
1122,10,04,2013,10_4_2013,10/04/17, 99 ,42835,,,,,
1123,10,04,2013,10_4_2013,10/04/17, 99 ,42835,,,,,
1123,11,04,2013,11_4_2013,11/04/17, 100 ,42836,,,,,
1126,10,04,2013,10_4_2013,10/04/17, 99 ,42835,,,,,
1126,12,04,2014,12_4_2014,12/04/17, 101 ,42837,,,,,
1127,10,04,2013,10_4_2013,10/04/17, 99 ,42835,,,,,
1129,10,04,2013,10_4_2013,10/04/17, 99 ,42835,,,,,
1130,10,04,2013,10_4_2013,10/04/17, 99 ,42835,,,,,
1130,07,04,2014,7_4_2014,07/04/17, 96 ,42832,,,,,
1131,11,04,2013,11_4_2013,11/04/17, 100 ,42836,,,,,
1132,10,04,2013,10_4_2013,10/04/17, 99 ,42835,,,,,
1132,11,04,2013,11_4_2013,11/04/17, 100 ,42836,,,,,
1137,11,04,2013,11_4_2013,11/04/17, 100 ,42836,,,,,
1137,10,04,2015,10_4_2015,10/04/17, 99 ,42835,,,,,
1139,11,04,2013,11_4_2013,11/04/17, 100 ,42836,,,,,
1140,11,04,2013,11_4_2013,11/04/17, 100 ,42836,,,,,
1141,10,04,2013,10_4_2013,10/04/17, 99 ,42835,,,,,
1142,10,04,2013,10_4_2013,10/04/17, 99 ,42835,,,,,
1143,10,04,2013,10_4_2013,10/04/17, 99 ,42835,,,,,
1144,10,04,2013,10_4_2013,10/04/17, 99 ,42835,,,,,
1146,11,04,2013,11_4_2013,11/04/17, 100 ,42836,,,,,
1148,11,04,2013,11_4_2013,11/04/17, 100 ,42836,,,,,
1150,12,04,2013,12_4_2013,12/04/17, 101 ,42837,,,,,
1151,12,04,2013,12_4_2013,12/04/17, 101 ,42837,,,,,
1152,12,04,2013,12_4_2013,12/04/17, 101 ,42837,,,,,
1153,12,04,2013,12_4_2013,12/04/17, 101 ,42837,,,,,
1154,12,04,2013,12_4_2013,12/04/17, 101 ,42837,,,,,
1155,12,04,2013,12_4_2013,12/04/17, 101 ,42837,,,,,
1156,12,04,2013,12_4_2013,12/04/17, 101 ,42837,,,,,
1156,12,04,2014,12_4_2014,12/04/17, 101 ,42837,,,,,
1156,14,04,2014,14_4_2014,14/04/17, 103 ,42839,,,,,
1157,12,04,2013,12_4_2013,12/04/17, 101 ,42837,,,,,
1158,12,04,2013,12_4_2013,12/04/17, 101 ,42837,,,,,
1159,12,04,2013,12_4_2013,12/04/17, 101 ,42837,,,,,
1160,15,04,2013,15_4_2013,15/04/17, 104 ,42840,,,,,
1162,15,04,2013,15_4_2013,15/04/17, 104 ,42840,,,,,
1165,15,04,2013,15_4_2013,15/04/17, 104 ,42840,,,,,
1165,08,04,2015,8_4_2015,08/04/17, 97 ,42833,,,,,
1167,15,04,2013,15_4_2013,15/04/17, 104 ,42840,,,,,
1168,15,04,2013,15_4_2013,15/04/17, 104 ,42840,,,,,
1169,15,04,2013,15_4_2013,15/04/17, 104 ,42840,,,,,
1173,18,04,2013,18_4_2013,18/04/17, 107 ,42843,,,,,
1173,21,04,2013,21_4_2013,21/04/17, 110 ,42846,,,,,
1176,18,04,2013,18_4_2013,18/04/17, 107 ,42843,,,,,
1177,18,04,2013,18_4_2013,18/04/17, 107 ,42843,,,,,
1178,18,04,2013,18_4_2013,18/04/17, 107 ,42843,,,,,
1180,18,04,2013,18_4_2013,18/04/17, 107 ,42843,,,,,
1181,18,04,2013,18_4_2013,18/04/17, 107 ,42843,,,,,
1181,19,04,2013,19_4_2013,19/04/17, 108 ,42844,,,,,
1181,11,04,2015,11_4_2015,11/04/17, 100 ,42836,,,,,
1181,23,03,2016,23_3_2016,23/03/17, 81 ,42817,,,,,
1181,19,04,2016,19_4_2016,19/04/17, 108 ,42844,,,,,
1182,19,04,2013,19_4_2013,19/04/17, 108 ,42844,,,,,
1182,27,04,2016,27_4_2016,27/04/17, 116 ,42852,,,,,
1182,02,05,2016,2_5_2016,02/05/17, 121 ,42857,,,,,
1182,03,05,2016,3_5_2016,03/05/17, 122 ,42858,,,,,
1183,19,04,2013,19_4_2013,19/04/17, 108 ,42844,,,,,
1184,19,04,2013,19_4_2013,19/04/17, 108 ,42844,,,,,
1185,19,04,2013,19_4_2013,19/04/17, 108 ,42844,,,,,
1185,12,04,2014,12_4_2014,12/04/17, 101 ,42837,,,,,
1185,15,04,2015,15_4_2015,15/04/17, 104 ,42840,,,,,
1187,19,04,2013,19_4_2013,19/04/17, 108 ,42844,,,,,
1188,19,04,2013,19_4_2013,19/04/17, 108 ,42844,,,,,
1188,20,04,2013,20_4_2013,20/04/17, 109 ,42845,,,,,
1188,21,04,2013,21_4_2013,21/04/17, 110 ,42846,,,,,
1189,19,04,2013,19_4_2013,19/04/17, 108 ,42844,,,,,
1190,19,04,2013,19_4_2013,19/04/17, 108 ,42844,,,,,
1191,19,04,2013,19_4_2013,19/04/17, 108 ,42844,,,,,
1192,19,04,2013,19_4_2013,19/04/17, 108 ,42844,,,,,
1193,19,04,2013,19_4_2013,19/04/17, 108 ,42844,,,,,
1193,21,04,2013,21_4_2013,21/04/17, 110 ,42846,,,,,
1194,19,04,2013,19_4_2013,19/04/17, 108 ,42844,,,,,
1195,19,04,2013,19_4_2013,19/04/17, 108 ,42844,,,,,
1196,19,04,2013,19_4_2013,19/04/17, 108 ,42844,,,,,
1196,12,04,2014,12_4_2014,12/04/17, 101 ,42837,,,,,
1197,19,04,2013,19_4_2013,19/04/17, 108 ,42844,,,,,
1197,11,04,2014,11_4_2014,11/04/17, 100 ,42836,,,,,
1197,08,03,2017,8_3_2017,08/03/17, 66 ,42802,,,,,
1199,19,04,2013,19_4_2013,19/04/17, 108 ,42844,,,,,
1199,20,04,2013,20_4_2013,20/04/17, 109 ,42845,,,,,
1199,21,04,2013,21_4_2013,21/04/17, 110 ,42846,,,,,
1200,20,04,2013,20_4_2013,20/04/17, 109 ,42845,,,,,
1202,21,04,2013,21_4_2013,21/04/17, 110 ,42846,,,,,
1203,21,04,2013,21_4_2013,21/04/17, 110 ,42846,,,,,
1204,21,04,2013,21_4_2013,21/04/17, 110 ,42846,,,,,
1211,21,04,2013,21_4_2013,21/04/17, 110 ,42846,,,,,
1213,21,04,2013,21_4_2013,21/04/17, 110 ,42846,,,,,
1214,21,04,2013,21_4_2013,21/04/17, 110 ,42846,,,,,
1215,21,04,2013,21_4_2013,21/04/17, 110 ,42846,,,,,
1215,23,04,2017,23_4_2017,23/04/17, 112 ,42848,,,,,
1226,22,04,2013,22_4_2013,22/04/17, 111 ,42847,,,,,
1226,07,04,2014,7_4_2014,07/04/17, 96 ,42832,,,,,
1226,08,04,2014,8_4_2014,08/04/17, 97 ,42833,,,,,
1227,07,04,2013,7_4_2013,07/04/17, 96 ,42832,,,,,
1227,21,04,2013,21_4_2013,21/04/17, 110 ,42846,,,,,
1228,27,04,2013,27_4_2013,27/04/17, 116 ,42852,,,,,
1228,01,05,2013,1_5_2013,01/05/17, 120 ,42856,,,,,
1228,19,04,2014,19_4_2014,19/04/17, 108 ,42844,,,,,
1229,27,04,2013,27_4_2013,27/04/17, 116 ,42852,,,,,
1229,22,04,2015,22_4_2015,22/04/17, 111 ,42847,,,,,
1229,23,04,2015,23_4_2015,23/04/17, 112 ,42848,,,,,
1229,02,05,2016,2_5_2016,02/05/17, 121 ,42857,,,,,
1229,09,05,2016,9_5_2016,09/05/17, 128 ,42864,,,,,
1229,22,04,2017,22_4_2017,22/04/17, 111 ,42847,,,,,
1230,27,04,2013,27_4_2013,27/04/17, 116 ,42852,,,,,
1230,23,04,2015,23_4_2015,23/04/17, 112 ,42848,,,,,
1231,30,04,2013,30_4_2013,30/04/17, 119 ,42855,,,,,
1232,30,04,2013,30_4_2013,30/04/17, 119 ,42855,,,,,
1233,01,05,2015,1_5_2015,01/05/17, 120 ,42856,,,,,
1234,05,05,2013,5_5_2013,05/05/17, 124 ,42860,,,,,
1235,05,05,2013,5_5_2013,05/05/17, 124 ,42860,,,,,
1236,05,05,2013,5_5_2013,05/05/17, 124 ,42860,,,,,
1237,05,05,2013,5_5_2013,05/05/17, 124 ,42860,,,,,
1238,05,05,2013,5_5_2013,05/05/17, 124 ,42860,,,,,
1300,20,01,2014,20_1_2014,20/01/17, 19 ,42755,,,,,
1300,23,01,2014,23_1_2014,23/01/17, 22 ,42758,,,,,
1300,25,01,2014,25_1_2014,25/01/17, 24 ,42760,,,,,
1300,01,02,2014,1_2_2014,01/02/17, 31 ,42767,,,,,
1300,10,03,2016,10_3_2016,10/03/17, 68 ,42804,,,,,
1301,01,02,2014,1_2_2014,01/02/17, 31 ,42767,,,,,
1302,01,02,2014,1_2_2014,01/02/17, 31 ,42767,,,,,
1303,01,02,2014,1_2_2014,01/02/17, 31 ,42767,,,,,
1304,01,02,2014,1_2_2014,01/02/17, 31 ,42767,,,,,
1305,04,02,2014,4_2_2014,04/02/17, 34 ,42770,,,,,
1306,08,02,2014,8_2_2014,08/02/17, 38 ,42774,,,,,
1307,18,02,2014,18_2_2014,18/02/17, 48 ,42784,,,,,
1308,18,02,2014,18_2_2014,18/02/17, 48 ,42784,,,,,
1309,05,03,2014,5_3_2014,05/03/17, 63 ,42799,,,,,
1310,05,03,2014,5_3_2014,05/03/17, 63 ,42799,,,,,
1311,05,03,2014,5_3_2014,05/03/17, 63 ,42799,,,,,
1312,15,03,2014,15_3_2014,15/03/17, 73 ,42809,,,,,
1314,15,03,2014,15_3_2014,15/03/17, 73 ,42809,,,,,
1316,15,03,2014,15_3_2014,15/03/17, 73 ,42809,,,,,
1317,15,03,2014,15_3_2014,15/03/17, 73 ,42809,,,,,
1318,15,03,2014,15_3_2014,15/03/17, 73 ,42809,,,,,
1318,16,03,2014,16_3_2014,16/03/17, 74 ,42810,,,,,
1319,15,03,2014,15_3_2014,15/03/17, 73 ,42809,,,,,
1320,15,03,2014,15_3_2014,15/03/17, 73 ,42809,,,,,
1322,16,03,2014,16_3_2014,16/03/17, 74 ,42810,,,,,
1324,16,03,2014,16_3_2014,16/03/17, 74 ,42810,,,,,
1325,16,03,2014,16_3_2014,16/03/17, 74 ,42810,,,,,
1326,16,03,2014,16_3_2014,16/03/17, 74 ,42810,,,,,
1327,15,03,2014,15_3_2014,15/03/17, 73 ,42809,,,,,
1327,16,03,2014,16_3_2014,16/03/17, 74 ,42810,,,,,
1327,22,03,2015,22_3_2015,22/03/17, 80 ,42816,,,,,
1328,16,03,2014,16_3_2014,16/03/17, 74 ,42810,,,,,
1329,16,03,2014,16_3_2014,16/03/17, 74 ,42810,,,,,
1332,15,03,2014,15_3_2014,15/03/17, 73 ,42809,,,,,
1334,16,03,2014,16_3_2014,16/03/17, 74 ,42810,,,,,
1335,16,03,2014,16_3_2014,16/03/17, 74 ,42810,,,,,
1336,20,03,2014,20_3_2014,20/03/17, 78 ,42814,,,,,
1337,20,03,2014,20_3_2014,20/03/17, 78 ,42814,,,,,
1337,22,03,2014,22_3_2014,22/03/17, 80 ,42816,,,,,
1338,20,03,2014,20_3_2014,20/03/17, 78 ,42814,,,,,
1340,20,03,2014,20_3_2014,20/03/17, 78 ,42814,,,,,
1341,20,03,2014,20_3_2014,20/03/17, 78 ,42814,,,,,
1341,31,03,2017,31_3_2017,31/03/17, 89 ,42825,,,,,
1342,22,03,2014,22_3_2014,22/03/17, 80 ,42816,,,,,
1343,22,03,2014,22_3_2014,22/03/17, 80 ,42816,,,,,
1344,22,03,2014,22_3_2014,22/03/17, 80 ,42816,,,,,
1345,22,03,2014,22_3_2014,22/03/17, 80 ,42816,,,,,
1346,22,03,2014,22_3_2014,22/03/17, 80 ,42816,,,,,
1347,22,03,2014,22_3_2014,22/03/17, 80 ,42816,,,,,
1348,22,03,2014,22_3_2014,22/03/17, 80 ,42816,,,,,
1349,05,04,2014,5_4_2014,05/04/17, 94 ,42830,,,,,
1350,05,04,2014,5_4_2014,05/04/17, 94 ,42830,,,,,
1350,08,04,2015,8_4_2015,08/04/17, 97 ,42833,,,,,
1351,05,04,2014,5_4_2014,05/04/17, 94 ,42830,,,,,
1352,07,04,2014,7_4_2014,07/04/17, 96 ,42832,,,,,
1354,07,04,2014,7_4_2014,07/04/17, 96 ,42832,,,,,
1356,07,04,2014,7_4_2014,07/04/17, 96 ,42832,,,,,
1358,07,04,2014,7_4_2014,07/04/17, 96 ,42832,,,,,
1360,07,04,2014,7_4_2014,07/04/17, 96 ,42832,,,,,
1361,07,04,2014,7_4_2014,07/04/17, 96 ,42832,,,,,
1363,11,04,2014,11_4_2014,11/04/17, 100 ,42836,,,,,
1367,11,04,2014,11_4_2014,11/04/17, 100 ,42836,,,,,
1370,12,04,2014,12_4_2014,12/04/17, 101 ,42837,,,,,
1371,12,04,2014,12_4_2014,12/04/17, 101 ,42837,,,,,
1372,12,04,2014,12_4_2014,12/04/17, 101 ,42837,,,,,
1374,12,04,2014,12_4_2014,12/04/17, 101 ,42837,,,,,
1375,11,04,2014,11_4_2014,11/04/17, 100 ,42836,,,,,
1375,12,04,2014,12_4_2014,12/04/17, 101 ,42837,,,,,
1375,10,04,2015,10_4_2015,10/04/17, 99 ,42835,,,,,
1377,12,04,2014,12_4_2014,12/04/17, 101 ,42837,,,,,
1379,12,04,2014,12_4_2014,12/04/17, 101 ,42837,,,,,
1382,12,04,2014,12_4_2014,12/04/17, 101 ,42837,,,,,
1386,12,04,2014,12_4_2014,12/04/17, 101 ,42837,,,,,
1393,07,04,2014,7_4_2014,07/04/17, 96 ,42832,,,,,
1393,12,04,2014,12_4_2014,12/04/17, 101 ,42837,,,,,
1394,12,04,2014,12_4_2014,12/04/17, 101 ,42837,,,,,
1394,10,04,2015,10_4_2015,10/04/17, 99 ,42835,,,,,
1394,12,04,2015,12_4_2015,12/04/17, 101 ,42837,,,,,
1394,04,04,2017,4_4_2017,04/04/17, 93 ,42829,,,,,
1398,12,04,2014,12_4_2014,12/04/17, 101 ,42837,,,,,
1404,12,04,2014,12_4_2014,12/04/17, 101 ,42837,,,,,
1406,12,04,2014,12_4_2014,12/04/17, 101 ,42837,,,,,
1407,13,04,2014,13_4_2014,13/04/17, 102 ,42838,,,,,
1408,13,04,2014,13_4_2014,13/04/17, 102 ,42838,,,,,
1409,13,04,2014,13_4_2014,13/04/17, 102 ,42838,,,,,
1410,13,04,2014,13_4_2014,13/04/17, 102 ,42838,,,,,
1412,13,04,2014,13_4_2014,13/04/17, 102 ,42838,,,,,
1413,13,04,2014,13_4_2014,13/04/17, 102 ,42838,,,,,
1414,12,04,2014,12_4_2014,12/04/17, 101 ,42837,,,,,
1415,13,04,2014,13_4_2014,13/04/17, 102 ,42838,,,,,
1417,12,04,2014,12_4_2014,12/04/17, 101 ,42837,,,,,
1419,19,04,2014,19_4_2014,19/04/17, 108 ,42844,,,,,
1419,10,04,2015,10_4_2015,10/04/17, 99 ,42835,,,,,
1420,19,04,2014,19_4_2014,19/04/17, 108 ,42844,,,,,
1421,19,04,2014,19_4_2014,19/04/17, 108 ,42844,,,,,
1422,19,04,2014,19_4_2014,19/04/17, 108 ,42844,,,,,
1423,19,04,2014,19_4_2014,19/04/17, 108 ,42844,,,,,
1425,19,04,2014,19_4_2014,19/04/17, 108 ,42844,,,,,
1426,23,03,2014,23_3_2014,23/03/17, 81 ,42817,,,,,
1427,01,05,2014,1_5_2014,01/05/17, 120 ,42856,,,,,
1427,29,04,2017,29_4_2017,29/04/17, 118 ,42854,,,,,
1428,23,03,2014,23_3_2014,23/03/17, 81 ,42817,,,,,
1429,23,03,2014,23_3_2014,23/03/17, 81 ,42817,,,,,
1430,08,05,2014,8_5_2014,08/05/17, 127 ,42863,,,,,
1430,11,05,2014,11_5_2014,11/05/17, 130 ,42866,,,,,
1431,08,05,2014,8_5_2014,08/05/17, 127 ,42863,,,,,
1432,12,05,2014,12_5_2014,12/05/17, 131 ,42867,,,,,
1432,06,05,2015,6_5_2015,06/05/17, 125 ,42861,,,,,
1434,22,03,2013,22_3_2013,22/03/17, 80 ,42816,,,,,
1435,22,03,2013,22_3_2013,22/03/17, 80 ,42816,,,,,
1438,07,04,2014,7_4_2014,07/04/17, 96 ,42832,,,,,
1439,07,04,2014,7_4_2014,07/04/17, 96 ,42832,,,,,
1440,07,04,2014,7_4_2014,07/04/17, 96 ,42832,,,,,
1441,20,03,2015,20_3_2015,20/03/17, 78 ,42814,,,,,
1442,12,04,2014,12_4_2014,12/04/17, 101 ,42837,,,,,
1450,02,01,2015,2_1_2015,02/01/17, 1 ,42737,,,,,
1451,21,01,2015,21_1_2015,21/01/17, 20 ,42756,,,,,
1451,22,03,2015,22_3_2015,22/03/17, 80 ,42816,,,,,
1452,21,01,2015,21_1_2015,21/01/17, 20 ,42756,,,,,
1453,21,01,2015,21_1_2015,21/01/17, 20 ,42756,,,,,
1454,21,01,2015,21_1_2015,21/01/17, 20 ,42756,,,,,
1455,21,01,2015,21_1_2015,21/01/17, 20 ,42756,,,,,
1457,30,01,2015,30_1_2015,30/01/17, 29 ,42765,,,,,
1458,30,01,2015,30_1_2015,30/01/17, 29 ,42765,,,,,
1459,30,01,2015,30_1_2015,30/01/17, 29 ,42765,,,,,
1460,08,02,2015,8_2_2015,08/02/17, 38 ,42774,,,,,
1461,08,02,2015,8_2_2015,08/02/17, 38 ,42774,,,,,
1462,08,02,2015,8_2_2015,08/02/17, 38 ,42774,,,,,
1463,09,02,2015,9_2_2015,09/02/17, 39 ,42775,,,,,
1464,22,02,2015,22_2_2015,22/02/17, 52 ,42788,,,,,
1465,22,02,2015,22_2_2015,22/02/17, 52 ,42788,,,,,
1466,22,02,2015,22_2_2015,22/02/17, 52 ,42788,,,,,
1467,23,02,2015,23_2_2015,23/02/17, 53 ,42789,,,,,
1468,23,02,2015,23_2_2015,23/02/17, 53 ,42789,,,,,
1469,28,02,2015,28_2_2015,28/02/17, 58 ,42794,,,,,
1470,02,03,2015,2_3_2015,02/03/17, 60 ,42796,,,,,
1471,02,03,2015,2_3_2015,02/03/17, 60 ,42796,,,,,
1472,02,03,2015,2_3_2015,02/03/17, 60 ,42796,,,,,
1473,02,03,2015,2_3_2015,02/03/17, 60 ,42796,,,,,
1474,02,03,2015,2_3_2015,02/03/17, 60 ,42796,,,,,
1475,08,03,2015,8_3_2015,08/03/17, 66 ,42802,,,,,
1475,09,03,2015,9_3_2015,09/03/17, 67 ,42803,,,,,
1475,10,03,2015,10_3_2015,10/03/17, 68 ,42804,,,,,
1477,10,03,2015,10_3_2015,10/03/17, 68 ,42804,,,,,
1478,10,03,2015,10_3_2015,10/03/17, 68 ,42804,,,,,
1479,08,03,2015,8_3_2015,08/03/17, 66 ,42802,,,,,
1479,10,04,2015,10_4_2015,10/04/17, 99 ,42835,,,,,
1480,09,03,2015,9_3_2015,09/03/17, 67 ,42803,,,,,
1481,09,03,2015,9_3_2015,09/03/17, 67 ,42803,,,,,
1482,09,03,2015,9_3_2015,09/03/17, 67 ,42803,,,,,
1483,09,03,2015,9_3_2015,09/03/17, 67 ,42803,,,,,
1486,09,03,2015,9_3_2015,09/03/17, 67 ,42803,,,,,
1486,10,03,2015,10_3_2015,10/03/17, 68 ,42804,,,,,
1486,22,04,2016,22_4_2016,22/04/17, 111 ,42847,,,,,
1488,09,03,2015,9_3_2015,09/03/17, 67 ,42803,,,,,
1489,10,03,2015,10_3_2015,10/03/17, 68 ,42804,,,,,
1490,10,03,2015,10_3_2015,10/03/17, 68 ,42804,,,,,
1491,10,03,2015,10_3_2015,10/03/17, 68 ,42804,,,,,
1492,10,03,2015,10_3_2015,10/03/17, 68 ,42804,,,,,
1494,10,03,2015,10_3_2015,10/03/17, 68 ,42804,,,,,
1495,10,03,2015,10_3_2015,10/03/17, 68 ,42804,,,,,
1497,10,03,2015,10_3_2015,10/03/17, 68 ,42804,,,,,
1498,10,03,2015,10_3_2015,10/03/17, 68 ,42804,,,,,
1501,10,03,2015,10_3_2015,10/03/17, 68 ,42804,,,,,
1502,14,03,2015,14_3_2015,14/03/17, 72 ,42808,,,,,
1503,14,03,2015,14_3_2015,14/03/17, 72 ,42808,,,,,
1504,11,03,2015,11_3_2015,11/03/17, 69 ,42805,,,,,
1505,09,03,2015,9_3_2015,09/03/17, 67 ,42803,,,,,
1506,09,03,2015,9_3_2015,09/03/17, 67 ,42803,,,,,
1509,08,03,2015,8_3_2015,08/03/17, 66 ,42802,,,,,
1510,08,03,2015,8_3_2015,08/03/17, 66 ,42802,,,,,
1511,19,03,2015,19_3_2015,19/03/17, 77 ,42813,,,,,
1512,19,03,2015,19_3_2015,19/03/17, 77 ,42813,,,,,
1513,09,03,2015,9_3_2015,09/03/17, 67 ,42803,,,,,
1520,20,03,2015,20_3_2015,20/03/17, 78 ,42814,,,,,
1521,20,03,2015,20_3_2015,20/03/17, 78 ,42814,,,,,
1522,20,03,2015,20_3_2015,20/03/17, 78 ,42814,,,,,
1523,20,03,2015,20_3_2015,20/03/17, 78 ,42814,,,,,
1524,20,03,2015,20_3_2015,20/03/17, 78 ,42814,,,,,
1526,20,03,2015,20_3_2015,20/03/17, 78 ,42814,,,,,
1528,20,03,2015,20_3_2015,20/03/17, 78 ,42814,,,,,
1529,20,03,2015,20_3_2015,20/03/17, 78 ,42814,,,,,
1532,20,03,2015,20_3_2015,20/03/17, 78 ,42814,,,,,
1532,27,03,2016,27_3_2016,27/03/17, 85 ,42821,,,,,
1536,20,03,2015,20_3_2015,20/03/17, 78 ,42814,,,,,
1537,20,03,2015,20_3_2015,20/03/17, 78 ,42814,,,,,
1539,20,03,2015,20_3_2015,20/03/17, 78 ,42814,,,,,
1540,20,03,2015,20_3_2015,20/03/17, 78 ,42814,,,,,
1546,20,03,2015,20_3_2015,20/03/17, 78 ,42814,,,,,
1549,20,03,2015,20_3_2015,20/03/17, 78 ,42814,,,,,
1549,17,01,2017,17_1_2017,17/01/17, 16 ,42752,,,,,
1550,20,03,2015,20_3_2015,20/03/17, 78 ,42814,,,,,
1552,20,03,2015,20_3_2015,20/03/17, 78 ,42814,,,,,
1553,20,03,2015,20_3_2015,20/03/17, 78 ,42814,,,,,
1554,20,03,2015,20_3_2015,20/03/17, 78 ,42814,,,,,
1560,22,03,2015,22_3_2015,22/03/17, 80 ,42816,,,,,
1561,22,03,2015,22_3_2015,22/03/17, 80 ,42816,,,,,
1562,22,03,2015,22_3_2015,22/03/17, 80 ,42816,,,,,
1563,22,03,2015,22_3_2015,22/03/17, 80 ,42816,,,,,
1564,22,03,2015,22_3_2015,22/03/17, 80 ,42816,,,,,
1565,22,03,2015,22_3_2015,22/03/17, 80 ,42816,,,,,
1567,22,03,2015,22_3_2015,22/03/17, 80 ,42816,,,,,
1568,22,03,2015,22_3_2015,22/03/17, 80 ,42816,,,,,
1569,22,03,2015,22_3_2015,22/03/17, 80 ,42816,,,,,
1569,23,03,2015,23_3_2015,23/03/17, 81 ,42817,,,,,
1570,22,03,2015,22_3_2015,22/03/17, 80 ,42816,,,,,
1570,23,03,2015,23_3_2015,23/03/17, 81 ,42817,,,,,
1571,22,03,2015,22_3_2015,22/03/17, 80 ,42816,,,,,
1572,22,03,2015,22_3_2015,22/03/17, 80 ,42816,,,,,
1576,23,03,2015,23_3_2015,23/03/17, 81 ,42817,,,,,
1579,23,03,2015,23_3_2015,23/03/17, 81 ,42817,,,,,
1580,23,03,2015,23_3_2015,23/03/17, 81 ,42817,,,,,
1581,23,03,2015,23_3_2015,23/03/17, 81 ,42817,,,,,
1582,23,03,2015,23_3_2015,23/03/17, 81 ,42817,,,,,
1583,23,03,2015,23_3_2015,23/03/17, 81 ,42817,,,,,
1585,23,03,2015,23_3_2015,23/03/17, 81 ,42817,,,,,
1588,23,03,2015,23_3_2015,23/03/17, 81 ,42817,,,,,
1590,23,03,2015,23_3_2015,23/03/17, 81 ,42817,,,,,
1591,26,03,2015,26_3_2015,26/03/17, 84 ,42820,,,,,
1592,26,03,2015,26_3_2015,26/03/17, 84 ,42820,,,,,
1593,26,03,2015,26_3_2015,26/03/17, 84 ,42820,,,,,
1594,26,03,2015,26_3_2015,26/03/17, 84 ,42820,,,,,
1595,26,03,2015,26_3_2015,26/03/17, 84 ,42820,,,,,
1596,26,03,2015,26_3_2015,26/03/17, 84 ,42820,,,,,
1597,26,03,2015,26_3_2015,26/03/17, 84 ,42820,,,,,
1598,26,03,2015,26_3_2015,26/03/17, 84 ,42820,,,,,
1599,26,03,2015,26_3_2015,26/03/17, 84 ,42820,,,,,
1600,26,03,2015,26_3_2015,26/03/17, 84 ,42820,,,,,
1601,10,03,2015,10_3_2015,10/03/17, 68 ,42804,,,,,
1602,10,03,2015,10_3_2015,10/03/17, 68 ,42804,,,,,
1603,10,03,2015,10_3_2015,10/03/17, 68 ,42804,,,,,
1604,23,03,2015,23_3_2015,23/03/17, 81 ,42817,,,,,
1606,23,03,2015,23_3_2015,23/03/17, 81 ,42817,,,,,
1607,03,04,2015,3_4_2015,03/04/17, 92 ,42828,,,,,
1608,03,04,2015,3_4_2015,03/04/17, 92 ,42828,,,,,
1609,03,04,2015,3_4_2015,03/04/17, 92 ,42828,,,,,
1610,03,04,2015,3_4_2015,03/04/17, 92 ,42828,,,,,
1611,03,04,2015,3_4_2015,03/04/17, 92 ,42828,,,,,
1612,03,04,2015,3_4_2015,03/04/17, 92 ,42828,,,,,
1613,03,04,2015,3_4_2015,03/04/17, 92 ,42828,,,,,
1613,14,04,2016,14_4_2016,14/04/17, 103 ,42839,,,,,
1614,03,04,2015,3_4_2015,03/04/17, 92 ,42828,,,,,
1616,03,04,2015,3_4_2015,03/04/17, 92 ,42828,,,,,
1618,03,04,2015,3_4_2015,03/04/17, 92 ,42828,,,,,
1625,03,04,2015,3_4_2015,03/04/17, 92 ,42828,,,,,
1626,03,04,2015,3_4_2015,03/04/17, 92 ,42828,,,,,
1627,03,04,2015,3_4_2015,03/04/17, 92 ,42828,,,,,
1629,03,04,2015,3_4_2015,03/04/17, 92 ,42828,,,,,
1630,03,04,2015,3_4_2015,03/04/17, 92 ,42828,,,,,
1631,03,04,2015,3_4_2015,03/04/17, 92 ,42828,,,,,
1632,03,04,2015,3_4_2015,03/04/17, 92 ,42828,,,,,
1633,03,04,2015,3_4_2015,03/04/17, 92 ,42828,,,,,
1634,03,04,2015,3_4_2015,03/04/17, 92 ,42828,,,,,
1635,03,04,2015,3_4_2015,03/04/17, 92 ,42828,,,,,
1636,03,04,2015,3_4_2015,03/04/17, 92 ,42828,,,,,
1637,03,04,2015,3_4_2015,03/04/17, 92 ,42828,,,,,
1638,02,04,2015,2_4_2015,02/04/17, 91 ,42827,,,,,
1639,07,04,2015,7_4_2015,07/04/17, 96 ,42832,,,,,
1640,07,04,2015,7_4_2015,07/04/17, 96 ,42832,,,,,
1662,08,04,2015,8_4_2015,08/04/17, 97 ,42833,,,,,
1666,08,04,2015,8_4_2015,08/04/17, 97 ,42833,,,,,
1667,08,04,2015,8_4_2015,08/04/17, 97 ,42833,,,,,
1667,29,12,2015,29_12_2015,29/12/17, 362 ,43098,,,,,
1671,08,04,2015,8_4_2015,08/04/17, 97 ,42833,,,,,
1671,09,04,2015,9_4_2015,09/04/17, 98 ,42834,,,,,
1672,08,04,2015,8_4_2015,08/04/17, 97 ,42833,,,,,
1673,09,04,2015,9_4_2015,09/04/17, 98 ,42834,,,,,
1673,10,04,2015,10_4_2015,10/04/17, 99 ,42835,,,,,
1674,08,04,2015,8_4_2015,08/04/17, 97 ,42833,,,,,
1677,08,04,2015,8_4_2015,08/04/17, 97 ,42833,,,,,
1678,08,04,2015,8_4_2015,08/04/17, 97 ,42833,,,,,
1679,08,04,2015,8_4_2015,08/04/17, 97 ,42833,,,,,
1679,09,04,2015,9_4_2015,09/04/17, 98 ,42834,,,,,
1681,08,04,2015,8_4_2015,08/04/17, 97 ,42833,,,,,
1682,08,04,2015,8_4_2015,08/04/17, 97 ,42833,,,,,
1683,08,04,2015,8_4_2015,08/04/17, 97 ,42833,,,,,
1684,08,04,2015,8_4_2015,08/04/17, 97 ,42833,,,,,
1686,08,04,2015,8_4_2015,08/04/17, 97 ,42833,,,,,
1689,08,04,2015,8_4_2015,08/04/17, 97 ,42833,,,,,
1689,11,04,2015,11_4_2015,11/04/17, 100 ,42836,,,,,
1690,08,04,2015,8_4_2015,08/04/17, 97 ,42833,,,,,
1693,09,04,2015,9_4_2015,09/04/17, 98 ,42834,,,,,
1696,09,04,2015,9_4_2015,09/04/17, 98 ,42834,,,,,
1697,09,04,2015,9_4_2015,09/04/17, 98 ,42834,,,,,
1698,09,04,2015,9_4_2015,09/04/17, 98 ,42834,,,,,
1699,09,04,2015,9_4_2015,09/04/17, 98 ,42834,,,,,
1703,09,04,2015,9_4_2015,09/04/17, 98 ,42834,,,,,
1709,09,04,2015,9_4_2015,09/04/17, 98 ,42834,,,,,
1711,09,04,2015,9_4_2015,09/04/17, 98 ,42834,,,,,
1712,09,04,2015,9_4_2015,09/04/17, 98 ,42834,,,,,
1718,09,04,2015,9_4_2015,09/04/17, 98 ,42834,,,,,
1719,09,04,2015,9_4_2015,09/04/17, 98 ,42834,,,,,
1721,09,04,2015,9_4_2015,09/04/17, 98 ,42834,,,,,
1726,09,04,2015,9_4_2015,09/04/17, 98 ,42834,,,,,
1733,09,04,2015,9_4_2015,09/04/17, 98 ,42834,,,,,
1736,09,04,2015,9_4_2015,09/04/17, 98 ,42834,,,,,
1739,09,04,2015,9_4_2015,09/04/17, 98 ,42834,,,,,
1740,10,04,2015,10_4_2015,10/04/17, 99 ,42835,,,,,
1741,09,04,2015,9_4_2015,09/04/17, 98 ,42834,,,,,
1745,10,04,2015,10_4_2015,10/04/17, 99 ,42835,,,,,
1746,09,04,2015,9_4_2015,09/04/17, 98 ,42834,,,,,
1747,10,04,2015,10_4_2015,10/04/17, 99 ,42835,,,,,
1753,10,04,2015,10_4_2015,10/04/17, 99 ,42835,,,,,
1757,10,04,2015,10_4_2015,10/04/17, 99 ,42835,,,,,
1759,10,04,2015,10_4_2015,10/04/17, 99 ,42835,,,,,
1759,04,04,2017,4_4_2017,04/04/17, 93 ,42829,,,,,
1763,10,04,2015,10_4_2015,10/04/17, 99 ,42835,,,,,
1765,10,04,2015,10_4_2015,10/04/17, 99 ,42835,,,,,
1766,10,04,2015,10_4_2015,10/04/17, 99 ,42835,,,,,
1773,10,04,2015,10_4_2015,10/04/17, 99 ,42835,,,,,
1780,08,04,2015,8_4_2015,08/04/17, 97 ,42833,,,,,
1781,08,04,2015,8_4_2015,08/04/17, 97 ,42833,,,,,
1782,08,04,2015,8_4_2015,08/04/17, 97 ,42833,,,,,
1783,08,04,2015,8_4_2015,08/04/17, 97 ,42833,,,,,
1784,08,04,2015,8_4_2015,08/04/17, 97 ,42833,,,,,
1785,11,04,2015,11_4_2015,11/04/17, 100 ,42836,,,,,
1785,25,03,2017,25_3_2017,25/03/17, 83 ,42819,,,,,
1786,03,04,2015,3_4_2015,03/04/17, 92 ,42828,,,,,
1787,19,04,2015,19_4_2015,19/04/17, 108 ,42844,,,,,
1788,19,04,2015,19_4_2015,19/04/17, 108 ,42844,,,,,
1789,19,04,2015,19_4_2015,19/04/17, 108 ,42844,,,,,
1791,22,04,2015,22_4_2015,22/04/17, 111 ,42847,,,,,
1793,23,04,2015,23_4_2015,23/04/17, 112 ,42848,,,,,
1795,23,04,2015,23_4_2015,23/04/17, 112 ,42848,,,,,
1800,29,12,2015,29_12_2015,29/12/17, 362 ,43098,,,,,
1800,08,04,2017,8_4_2017,08/04/17, 97 ,42833,,,,,
1801,12,01,2016,12_1_2016,12/01/17, 11 ,42747,,,,,
1802,15,01,2016,15_1_2016,15/01/17, 14 ,42750,,,,,
1802,16,01,2016,16_1_2016,16/01/17, 15 ,42751,,,,,
1803,26,01,2016,26_1_2016,26/01/17, 25 ,42761,,,,,
1805,02,02,2016,2_2_2016,02/02/17, 32 ,42768,,,,,
1806,02,02,2016,2_2_2016,02/02/17, 32 ,42768,,,,,
1807,21,02,2016,21_2_2016,21/02/17, 51 ,42787,,,,,
1808,23,02,2016,23_2_2016,23/02/17, 53 ,42789,,,,,
1809,29,02,2016,29_2_2016,01/03/17, 59 ,42795,,,,,
1810,29,02,2016,29_2_2016,01/03/17, 59 ,42795,,,,,
1811,29,02,2016,29_2_2016,01/03/17, 59 ,42795,,,,,
1812,10,03,2016,10_3_2016,10/03/17, 68 ,42804,,,,,
1814,10,03,2016,10_3_2016,10/03/17, 68 ,42804,,,,,
1815,10,03,2016,10_3_2016,10/03/17, 68 ,42804,,,,,
1815,12,03,2016,12_3_2016,12/03/17, 70 ,42806,,,,,
1815,13,03,2016,13_3_2016,13/03/17, 71 ,42807,,,,,
1816,12,03,2016,12_3_2016,12/03/17, 70 ,42806,,,,,
1822,13,03,2016,13_3_2016,13/03/17, 71 ,42807,,,,,
1823,13,03,2016,13_3_2016,13/03/17, 71 ,42807,,,,,
1824,13,03,2016,13_3_2016,13/03/17, 71 ,42807,,,,,
1825,13,03,2016,13_3_2016,13/03/17, 71 ,42807,,,,,
1826,10,03,2016,10_3_2016,10/03/17, 68 ,42804,,,,,
1829,14,03,2016,14_3_2016,14/03/17, 72 ,42808,,,,,
1831,13,03,2016,13_3_2016,13/03/17, 71 ,42807,,,,,
1832,14,03,2016,14_3_2016,14/03/17, 72 ,42808,,,,,
1832,16,03,2016,16_3_2016,16/03/17, 74 ,42810,,,,,
1833,14,03,2016,14_3_2016,14/03/17, 72 ,42808,,,,,
1834,13,03,2016,13_3_2016,13/03/17, 71 ,42807,,,,,
1834,14,03,2016,14_3_2016,14/03/17, 72 ,42808,,,,,
1836,14,03,2016,14_3_2016,14/03/17, 72 ,42808,,,,,
1837,14,03,2016,14_3_2016,14/03/17, 72 ,42808,,,,,
1838,14,03,2016,14_3_2016,14/03/17, 72 ,42808,,,,,
1839,19,03,2016,19_3_2016,19/03/17, 77 ,42813,,,,,
1840,19,03,2016,19_3_2016,19/03/17, 77 ,42813,,,,,
1841,19,03,2016,19_3_2016,19/03/17, 77 ,42813,,,,,
1841,25,03,2017,25_3_2017,25/03/17, 83 ,42819,,,,,
1841,26,03,2017,26_3_2017,26/03/17, 84 ,42820,,,,,
1842,19,03,2016,19_3_2016,19/03/17, 77 ,42813,,,,,
1842,21,04,2017,21_4_2017,21/04/17, 110 ,42846,,,,,
1843,19,03,2016,19_3_2016,19/03/17, 77 ,42813,,,,,
1844,19,03,2016,19_3_2016,19/03/17, 77 ,42813,,,,,
1845,23,03,2016,23_3_2016,23/03/17, 81 ,42817,,,,,
1847,23,03,2016,23_3_2016,23/03/17, 81 ,42817,,,,,
1847,20,04,2017,20_4_2017,20/04/17, 109 ,42845,,,,,
1847,22,04,2017,22_4_2017,22/04/17, 111 ,42847,,,,,
1849,23,03,2016,23_3_2016,23/03/17, 81 ,42817,,,,,
1853,23,03,2016,23_3_2016,23/03/17, 81 ,42817,,,,,
1854,23,03,2016,23_3_2016,23/03/17, 81 ,42817,,,,,
1857,23,03,2016,23_3_2016,23/03/17, 81 ,42817,,,,,
1859,24,03,2016,24_3_2016,24/03/17, 82 ,42818,,,,,
1860,24,03,2016,24_3_2016,24/03/17, 82 ,42818,,,,,
1861,24,03,2016,24_3_2016,24/03/17, 82 ,42818,,,,,
1862,23,03,2016,23_3_2016,23/03/17, 81 ,42817,,,,,
1863,24,03,2016,24_3_2016,24/03/17, 82 ,42818,,,,,
1865,24,03,2016,24_3_2016,24/03/17, 82 ,42818,,,,,
1866,24,01,2016,24_1_2016,24/01/17, 23 ,42759,,,,,
1868,23,03,2016,23_3_2016,23/03/17, 81 ,42817,,,,,
1868,24,03,2016,24_3_2016,24/03/17, 82 ,42818,,,,,
1869,24,03,2016,24_3_2016,24/03/17, 82 ,42818,,,,,
1870,24,03,2016,24_3_2016,24/03/17, 82 ,42818,,,,,
1871,24,03,2016,24_3_2016,24/03/17, 82 ,42818,,,,,
1872,24,03,2016,24_3_2016,24/03/17, 82 ,42818,,,,,
1873,27,03,2016,27_3_2016,27/03/17, 85 ,42821,,,,,
1874,27,03,2016,27_3_2016,27/03/17, 85 ,42821,,,,,
1875,27,03,2016,27_3_2016,27/03/17, 85 ,42821,,,,,
1876,27,03,2016,27_3_2016,27/03/17, 85 ,42821,,,,,
1878,27,03,2016,27_3_2016,27/03/17, 85 ,42821,,,,,
1881,04,04,2016,4_4_2016,04/04/17, 93 ,42829,,,,,
1882,04,04,2016,4_4_2016,04/04/17, 93 ,42829,,,,,
1884,04,04,2016,4_4_2016,04/04/17, 93 ,42829,,,,,
1885,05,04,2016,5_4_2016,05/04/17, 94 ,42830,,,,,
1886,05,04,2016,5_4_2016,05/04/17, 94 ,42830,,,,,
1890,14,04,2016,14_4_2016,14/04/17, 103 ,42839,,,,,
1892,14,04,2016,14_4_2016,14/04/17, 103 ,42839,,,,,
1895,14,04,2016,14_4_2016,14/04/17, 103 ,42839,,,,,
1897,14,04,2016,14_4_2016,14/04/17, 103 ,42839,,,,,
1908,14,04,2016,14_4_2016,14/04/17, 103 ,42839,,,,,
1909,14,04,2016,14_4_2016,14/04/17, 103 ,42839,,,,,
1915,14,04,2016,14_4_2016,14/04/17, 103 ,42839,,,,,
1917,14,04,2016,14_4_2016,14/04/17, 103 ,42839,,,,,
1918,14,04,2016,14_4_2016,14/04/17, 103 ,42839,,,,,
1918,17,04,2016,17_4_2016,17/04/17, 106 ,42842,,,,,
1918,17,04,2017,17_4_2017,17/04/17, 106 ,42842,,,,,
1919,14,04,2016,14_4_2016,14/04/17, 103 ,42839,,,,,
1921,22,04,2016,22_4_2016,22/04/17, 111 ,42847,,,,,
1922,22,04,2016,22_4_2016,22/04/17, 111 ,42847,,,,,
1923,22,04,2016,22_4_2016,22/04/17, 111 ,42847,,,,,
1925,22,04,2016,22_4_2016,22/04/17, 111 ,42847,,,,,
1925,23,04,2016,23_4_2016,23/04/17, 112 ,42848,,,,,
1926,27,04,2016,27_4_2016,27/04/17, 116 ,42852,,,,,
1928,27,04,2016,27_4_2016,27/04/17, 116 ,42852,,,,,
1928,30,04,2016,30_4_2016,30/04/17, 119 ,42855,,,,,
1929,27,04,2016,27_4_2016,27/04/17, 116 ,42852,,,,,
1929,29,04,2016,29_4_2016,29/04/17, 118 ,42854,,,,,
1929,03,05,2016,3_5_2016,03/05/17, 122 ,42858,,,,,
1930,27,04,2016,27_4_2016,27/04/17, 116 ,42852,,,,,
1932,27,04,2016,27_4_2016,27/04/17, 116 ,42852,,,,,
1939,29,04,2016,29_4_2016,29/04/17, 118 ,42854,,,,,
1945,02,05,2016,2_5_2016,02/05/17, 121 ,42857,,,,,
1949,10,05,2016,10_5_2016,10/05/17, 129 ,42865,,,,,
1950,14,03,2016,14_3_2016,14/03/17, 72 ,42808,,,,,
1982,30,04,2016,30_4_2016,30/04/17, 119 ,42855,,,,,
2000,14,01,2017,14_1_2017,14/01/17, 13 ,42749,,,,,
2002,15,01,2017,15_1_2017,15/01/17, 14 ,42750,,,,,
2003,15,01,2017,15_1_2017,15/01/17, 14 ,42750,,,,,
2004,15,01,2017,15_1_2017,15/01/17, 14 ,42750,,,,,
2006,17,01,2017,17_1_2017,17/01/17, 16 ,42752,,,,,
2007,17,01,2017,17_1_2017,17/01/17, 16 ,42752,,,,,
2008,17,01,2017,17_1_2017,17/01/17, 16 ,42752,,,,,
2009,20,02,2017,20_2_2017,20/02/17, 50 ,42786,,,,,
2010,20,02,2017,20_2_2017,20/02/17, 50 ,42786,,,,,
2011,23,02,2017,23_2_2017,23/02/17, 53 ,42789,,,,,
2012,23,02,2017,23_2_2017,23/02/17, 53 ,42789,,,,,
2013,23,02,2017,23_2_2017,23/02/17, 53 ,42789,,,,,
2013,13,03,2017,13_3_2017,13/03/17, 71 ,42807,,,,,
2014,23,02,2017,23_2_2017,23/02/17, 53 ,42789,,,,,
2014,13,03,2017,13_3_2017,13/03/17, 71 ,42807,,,,,
2015,08,03,2017,8_3_2017,08/03/17, 66 ,42802,,,,,
2016,08,03,2016,8_3_2016,08/03/17, 66 ,42802,,,,,
2016,08,03,2017,8_3_2017,08/03/17, 66 ,42802,,,,,
2017,08,03,2017,8_3_2017,08/03/17, 66 ,42802,,,,,
2018,08,03,2017,8_3_2017,08/03/17, 66 ,42802,,,,,
2019,08,03,2017,8_3_2017,08/03/17, 66 ,42802,,,,,
2020,12,03,2017,12_3_2017,12/03/17, 70 ,42806,,,,,
2022,11,03,2017,11_3_2017,11/03/17, 69 ,42805,,,,,
2023,12,03,2017,12_3_2017,12/03/17, 70 ,42806,,,,,
2026,13,03,2017,13_3_2017,13/03/17, 71 ,42807,,,,,
2027,13,03,2017,13_3_2017,13/03/17, 71 ,42807,,,,,
2028,13,03,2017,13_3_2017,13/03/17, 71 ,42807,,,,,
2029,13,03,2017,13_3_2017,13/03/17, 71 ,42807,,,,,
2030,13,03,2017,13_3_2017,13/03/17, 71 ,42807,,,,,
2031,13,03,2017,13_3_2017,13/03/17, 71 ,42807,,,,,
2032,13,03,2017,13_3_2017,13/03/17, 71 ,42807,,,,,
2033,13,03,2017,13_3_2017,13/03/17, 71 ,42807,,,,,
2034,13,03,2017,13_3_2017,13/03/17, 71 ,42807,,,,,
2035,13,03,2017,13_3_2017,13/03/17, 71 ,42807,,,,,
2036,13,03,2017,13_3_2017,13/03/17, 71 ,42807,,,,,
2037,13,03,2017,13_3_2017,13/03/17, 71 ,42807,,,,,
2038,13,03,2017,13_3_2017,13/03/17, 71 ,42807,,,,,
2039,13,03,2017,13_3_2017,13/03/17, 71 ,42807,,,,,
2045,13,03,2017,13_3_2017,13/03/17, 71 ,42807,,,,,
2046,18,03,2017,18_3_2017,18/03/17, 76 ,42812,,,,,
2047,18,03,2017,18_3_2017,18/03/17, 76 ,42812,,,,,
2048,18,03,2017,18_3_2017,18/03/17, 76 ,42812,,,,,
2049,18,03,2017,18_3_2017,18/03/17, 76 ,42812,,,,,
2050,18,03,2017,18_3_2017,18/03/17, 76 ,42812,,,,,
2051,18,03,2017,18_3_2017,18/03/17, 76 ,42812,,,,,
2052,18,03,2017,18_3_2017,18/03/17, 76 ,42812,,,,,
2053,18,03,2017,18_3_2017,18/03/17, 76 ,42812,,,,,
2054,18,03,2017,18_3_2017,18/03/17, 76 ,42812,,,,,
2056,18,03,2017,18_3_2017,18/03/17, 76 ,42812,,,,,
2057,18,03,2017,18_3_2017,18/03/17, 76 ,42812,,,,,
2058,18,03,2017,18_3_2017,18/03/17, 76 ,42812,,,,,
2059,18,03,2017,18_3_2017,18/03/17, 76 ,42812,,,,,
2061,18,03,2017,18_3_2017,18/03/17, 76 ,42812,,,,,
2062,25,03,2017,25_3_2017,25/03/17, 83 ,42819,,,,,
2063,25,03,2017,25_3_2017,25/03/17, 83 ,42819,,,,,
2064,25,03,2017,25_3_2017,25/03/17, 83 ,42819,,,,,
2065,25,03,2017,25_3_2017,25/03/17, 83 ,42819,,,,,
2066,25,03,2017,25_3_2017,25/03/17, 83 ,42819,,,,,
2067,25,03,2017,25_3_2017,25/03/17, 83 ,42819,,,,,
2068,25,03,2017,25_3_2017,25/03/17, 83 ,42819,,,,,
2069,25,03,2017,25_3_2017,25/03/17, 83 ,42819,,,,,
2070,25,03,2017,25_3_2017,25/03/17, 83 ,42819,,,,,
2071,25,03,2017,25_3_2017,25/03/17, 83 ,42819,,,,,
2071,26,03,2017,26_3_2017,26/03/17, 84 ,42820,,,,,
2072,26,03,2017,26_3_2017,26/03/17, 84 ,42820,,,,,
2073,26,03,2017,26_3_2017,26/03/17, 84 ,42820,,,,,
2074,26,03,2017,26_3_2017,26/03/17, 84 ,42820,,,,,
2075,26,03,2017,26_3_2017,26/03/17, 84 ,42820,,,,,
2076,26,03,2017,26_3_2017,26/03/17, 84 ,42820,,,,,
2077,26,03,2017,26_3_2017,26/03/17, 84 ,42820,,,,,
2078,26,03,2017,26_3_2017,26/03/17, 84 ,42820,,,,,
2079,26,03,2017,26_3_2017,26/03/17, 84 ,42820,,,,,
2080,26,03,2017,26_3_2017,26/03/17, 84 ,42820,,,,,
2082,26,03,2017,26_3_2017,26/03/17, 84 ,42820,,,,,
2083,26,03,2017,26_3_2017,26/03/17, 84 ,42820,,,,,
2084,26,03,2017,26_3_2017,26/03/17, 84 ,42820,,,,,
2085,26,03,2017,26_3_2017,26/03/17, 84 ,42820,,,,,
2086,26,03,2017,26_3_2017,26/03/17, 84 ,42820,,,,,
2087,26,03,2017,26_3_2017,26/03/17, 84 ,42820,,,,,
2088,28,03,2017,28_3_2017,28/03/17, 86 ,42822,,,,,
2089,28,03,2017,28_3_2017,28/03/17, 86 ,42822,,,,,
2090,28,03,2017,28_3_2017,28/03/17, 86 ,42822,,,,,
2091,18,03,2017,18_3_2017,18/03/17, 76 ,42812,,,,,
2092,29,03,2017,29_3_2017,29/03/17, 87 ,42823,,,,,
2093,29,03,2017,29_3_2017,29/03/17, 87 ,42823,,,,,
2094,29,03,2017,29_3_2017,29/03/17, 87 ,42823,,,,,
2095,29,03,2017,29_3_2017,29/03/17, 87 ,42823,,,,,
2096,25,03,2017,25_3_2017,25/03/17, 83 ,42819,,,,,
2097,25,03,2017,25_3_2017,25/03/17, 83 ,42819,,,,,
2098,31,03,2017,31_3_2017,31/03/17, 89 ,42825,,,,,
2099,31,03,2017,31_3_2017,31/03/17, 89 ,42825,,,,,
2100,25,03,2017,25_3_2017,25/03/17, 83 ,42819,,,,,
2101,25,03,2017,25_3_2017,25/03/17, 83 ,42819,,,,,
2102,26,03,2017,26_3_2017,26/03/17, 84 ,42820,,,,,
2103,26,03,2017,26_3_2017,26/03/17, 84 ,42820,,,,,
2104,31,03,2017,31_3_2017,31/03/17, 89 ,42825,,,,,
2105,04,04,2017,4_4_2017,04/04/17, 93 ,42829,,,,,
2106,04,04,2017,4_4_2017,04/04/17, 93 ,42829,,,,,
2107,04,04,2017,4_4_2017,04/04/17, 93 ,42829,,,,,
2108,06,04,2017,6_4_2017,06/04/17, 95 ,42831,,,,,
2109,06,04,2017,6_4_2017,06/04/17, 95 ,42831,,,,,
2110,08,04,2017,8_4_2017,08/04/17, 97 ,42833,,,,,
2112,08,04,2017,8_4_2017,08/04/17, 97 ,42833,,,,,
2114,09,04,2017,9_4_2017,09/04/17, 98 ,42834,,,,,
2115,26,03,2017,26_3_2017,26/03/17, 84 ,42820,,,,,
2116,16,04,2017,16_4_2017,16/04/17, 105 ,42841,,,,,
2117,16,04,2017,16_4_2017,16/04/17, 105 ,42841,,,,,
2119,16,04,2017,16_4_2017,16/04/17, 105 ,42841,,,,,
2120,16,04,2017,16_4_2017,16/04/17, 105 ,42841,,,,,
2122,17,04,2017,17_4_2017,17/04/17, 106 ,42842,,,,,
2123,21,04,2017,21_4_2017,21/04/17, 110 ,42846,,,,,
2124,21,04,2017,21_4_2017,21/04/17, 110 ,42846,,,,,
2125,21,04,2017,21_4_2017,21/04/17, 110 ,42846,,,,,
2125,22,04,2017,22_4_2017,22/04/17, 111 ,42847,,,,,
2125,23,04,2017,23_4_2017,23/04/17, 112 ,42848,,,,,
2126,22,04,2017,22_4_2017,22/04/17, 111 ,42847,,,,,
2128,22,04,2017,22_4_2017,22/04/17, 111 ,42847,,,,,
2129,22,04,2017,22_4_2017,22/04/17, 111 ,42847,,,,,
2130,23,04,2017,23_4_2017,23/04/17, 112 ,42848,,,,,
2131,23,04,2017,23_4_2017,23/04/17, 112 ,42848,,,,,
2132,23,04,2017,23_4_2017,23/04/17, 112 ,42848,,,,,
2133,23,04,2017,23_4_2017,23/04/17, 112 ,42848,,,,,
2134,23,04,2017,23_4_2017,23/04/17, 112 ,42848,,,,,
2136,09,04,2017,9_4_2017,09/04/17, 98 ,42834,,,,,
2138,09,04,2017,9_4_2017,09/04/17, 98 ,42834,,,,,
2139,30,04,2017,30_4_2017,30/04/17, 119 ,42855,,,,,
2140,25,03,2017,25_3_2017,25/03/17, 83 ,42819,,,,,
2141,25,03,2017,25_3_2017,25/03/17, 83 ,42819,,,,,
