BDA ID,Day,Month,Year,Day_Month_Year,For Date Conversion,day-of-year,Serial Date
1,23,4,2007,23_4_2007,23/04/17,112,42848
1,24,4,2007,24_4_2007,24/04/17,113,42849
1,7,4,2011,7_4_2011,07/04/17,96,42832
2,20,4,2007,20_4_2007,20/04/17,109,42845
2,21,4,2007,21_4_2007,21/04/17,110,42846
2,21,4,2007,21_4_2007,21/04/17,110,42846
2,23,4,2007,23_4_2007,23/04/17,112,42848
2,24,4,2007,24_4_2007,24/04/17,113,42849
2,13,4,2010,13_4_2010,13/04/17,102,42838
2,13,4,2011,13_4_2011,13/04/17,102,42838
2,17,4,2011,17_4_2011,17/04/17,106,42842
2,23,1,2012,23_1_2012,23/01/17,22,42758
2,28,4,2012,28_4_2012,28/04/17,117,42853
2,19,4,2013,19_4_2013,19/04/17,108,42844
2,20,4,2013,20_4_2013,20/04/17,109,42845
2,21,4,2013,21_4_2013,21/04/17,110,42846
2,8,5,2014,8_5_2014,08/05/17,127,42863
2,21,4,2017,21_4_2017,21/04/17,110,42846
2,23,4,2017,23_4_2017,23/04/17,112,42848
3,23,4,2007,23_4_2007,23/04/17,112,42848
3,22,4,2010,22_4_2010,22/04/17,111,42847
4,23,4,2007,23_4_2007,23/04/17,112,42848
4,24,4,2007,24_4_2007,24/04/17,113,42849
4,30,4,2009,30_4_2009,30/04/17,119,42855
4,8,4,2010,8_4_2010,08/04/17,97,42833
4,13,4,2010,13_4_2010,13/04/17,102,42838
4,27,4,2016,27_4_2016,27/04/17,116,42852
4,2,5,2016,2_5_2016,02/05/17,121,42857
4,22,4,2017,22_4_2017,22/04/17,111,42847
6,20,4,2007,20_4_2007,20/04/17,109,42845
6,21,4,2007,21_4_2007,21/04/17,110,42846
6,4,4,2011,4_4_2011,04/04/17,93,42829
6,12,3,2016,12_3_2016,12/03/17,70,42806
6,13,3,2016,13_3_2016,13/03/17,71,42807
6,26,3,2017,26_3_2017,26/03/17,84,42820
8,18,4,2007,18_4_2007,18/04/17,107,42843
8,21,4,2007,21_4_2007,21/04/17,110,42846
8,15,4,2013,15_4_2013,15/04/17,104,42840
8,18,4,2013,18_4_2013,18/04/17,107,42843
10,31,3,2007,31_3_2007,31/03/17,89,42825
11,31,3,2007,31_3_2007,31/03/17,89,42825
12,31,3,2007,31_3_2007,31/03/17,89,42825
13,1,4,2007,1_4_2007,01/04/17,90,42826
13,12,4,2010,12_4_2010,12/04/17,101,42837
14,15,4,2007,15_4_2007,15/04/17,104,42840
14,26,4,2012,26_4_2012,26/04/17,115,42851
15,21,4,2007,21_4_2007,21/04/17,110,42846
16,21,4,2007,21_4_2007,21/04/17,110,42846
17,26,4,2007,26_4_2007,26/04/17,115,42851
17,27,4,2007,27_4_2007,27/04/17,116,42852
18,28,4,2007,28_4_2007,28/04/17,117,42853
26,11,3,2008,11_3_2008,11/03/17,69,42805
27,11,3,2008,11_3_2008,11/03/17,69,42805
28,22,3,2008,22_3_2008,22/03/17,80,42816
29,27,3,2008,27_3_2008,27/03/17,85,42821
30,27,3,2008,27_3_2008,27/03/17,85,42821
33,29,3,2008,29_3_2008,29/03/17,87,42823
34,6,4,2008,6_4_2008,06/04/17,95,42831
35,6,4,2008,6_4_2008,06/04/17,95,42831
36,6,4,2008,6_4_2008,06/04/17,95,42831
37,11,4,2008,11_4_2008,11/04/17,100,42836
38,11,4,2008,11_4_2008,11/04/17,100,42836
39,2,4,2006,2_4_2006,02/04/17,91,42827
39,11,4,2008,11_4_2008,11/04/17,100,42836
39,29,3,2009,29_3_2009,29/03/17,87,42823
39,12,4,2010,12_4_2010,12/04/17,101,42837
39,15,4,2011,15_4_2011,15/04/17,104,42840
39,18,4,2011,18_4_2011,18/04/17,107,42843
39,12,4,2014,12_4_2014,12/04/17,101,42837
40,11,4,2008,11_4_2008,11/04/17,100,42836
41,11,4,2008,11_4_2008,11/04/17,100,42836
41,12,4,2008,12_4_2008,12/04/17,101,42837
41,15,4,2012,15_4_2012,15/04/17,104,42840
41,22,3,2013,22_3_2013,22/03/17,80,42816
42,11,4,2008,11_4_2008,11/04/17,100,42836
43,11,4,2008,11_4_2008,11/04/17,100,42836
43,19,4,2009,19_4_2009,19/04/17,108,42844
45,11,4,2008,11_4_2008,11/04/17,100,42836
46,20,4,2008,20_4_2008,20/04/17,109,42845
47,20,4,2008,20_4_2008,20/04/17,109,42845
47,5,4,2009,5_4_2009,05/04/17,94,42830
47,19,4,2010,19_4_2010,19/04/17,108,42844
47,20,4,2012,20_4_2012,20/04/17,109,42845
47,27,4,2013,27_4_2013,27/04/17,116,42852
47,4,5,2013,4_5_2013,04/05/17,123,42859
47,5,5,2013,5_5_2013,05/05/17,124,42860
47,26,4,2014,26_4_2014,26/04/17,115,42851
48,20,4,2008,20_4_2008,20/04/17,109,42845
49,20,4,2008,20_4_2008,20/04/17,109,42845
50,21,4,2008,21_4_2008,21/04/17,110,42846
51,21,4,2008,21_4_2008,21/04/17,110,42846
52,21,4,2008,21_4_2008,21/04/17,110,42846
52,29,4,2008,29_4_2008,29/04/17,118,42854
52,22,4,2015,22_4_2015,22/04/17,111,42847
53,28,4,2008,28_4_2008,28/04/17,117,42853
55,28,4,2008,28_4_2008,28/04/17,117,42853
55,20,4,2011,20_4_2011,20/04/17,109,42845
55,24,4,2011,24_4_2011,24/04/17,113,42849
55,26,4,2011,26_4_2011,26/04/17,115,42851
55,15,4,2013,15_4_2013,15/04/17,104,42840
57,28,4,2008,28_4_2008,28/04/17,117,42853
57,23,4,2015,23_4_2015,23/04/17,112,42848
58,29,4,2008,29_4_2008,29/04/17,118,42854
59,29,4,2008,29_4_2008,29/04/17,118,42854
60,29,4,2008,29_4_2008,29/04/17,118,42854
60,19,3,2011,19_3_2011,19/03/17,77,42813
61,29,4,2008,29_4_2008,29/04/17,118,42854
62,4,5,2008,4_5_2008,04/05/17,123,42859
63,5,5,2008,5_5_2008,05/05/17,124,42860
64,5,5,2008,5_5_2008,05/05/17,124,42860
65,8,5,2008,8_5_2008,08/05/17,127,42863
67,8,5,2008,8_5_2008,08/05/17,127,42863
68,11,4,2008,11_4_2008,11/04/17,100,42836
100,29,1,2009,29_1_2009,29/01/17,28,42764
101,29,1,2009,29_1_2009,29/01/17,28,42764
103,27,3,2008,27_3_2008,27/03/17,85,42821
103,21,3,2010,21_3_2010,21/03/17,79,42815
104,27,3,2008,27_3_2008,27/03/17,85,42821
104,21,3,2010,21_3_2010,21/03/17,79,42815
104,13,3,2012,13_3_2012,13/03/17,71,42807
104,13,3,2013,13_3_2013,13/03/17,71,42807
105,5,5,2008,5_5_2008,05/05/17,124,42860
107,12,4,2008,12_4_2008,12/04/17,101,42837
108,12,4,2008,12_4_2008,12/04/17,101,42837
109,12,4,2008,12_4_2008,12/04/17,101,42837
110,12,4,2008,12_4_2008,12/04/17,101,42837
110,18,4,2013,18_4_2013,18/04/17,107,42843
111,12,4,2008,12_4_2008,12/04/17,101,42837
115,12,4,2008,12_4_2008,12/04/17,101,42837
116,11,4,2008,11_4_2008,11/04/17,100,42836
117,11,4,2008,11_4_2008,11/04/17,100,42836
119,29,3,2008,29_3_2008,29/03/17,87,42823
122,27,3,2008,27_3_2008,27/03/17,85,42821
123,23,4,2008,23_4_2008,23/04/17,112,42848
124,27,3,2008,27_3_2008,27/03/17,85,42821
140,7,3,2009,7_3_2009,07/03/17,65,42801
141,12,3,2009,12_3_2009,12/03/17,70,42806
141,18,3,2013,18_3_2013,18/03/17,76,42812
141,19,3,2013,19_3_2013,19/03/17,77,42813
141,25,3,2017,25_3_2017,25/03/17,83,42819
142,12,3,2009,12_3_2009,12/03/17,70,42806
142,11,3,2015,11_3_2015,11/03/17,69,42805
142,12,3,2015,12_3_2015,12/03/17,70,42806
142,10,3,2016,10_3_2016,10/03/17,68,42804
143,12,3,2009,12_3_2009,12/03/17,70,42806
144,12,3,2009,12_3_2009,12/03/17,70,42806
144,13,3,2016,13_3_2016,13/03/17,71,42807
144,13,4,2016,13_4_2016,13/04/17,102,42838
144,14,4,2016,14_4_2016,14/04/17,103,42839
144,9,4,2017,9_4_2017,09/04/17,98,42834
144,9,4,2017,9_4_2017,09/04/17,98,42834
145,12,3,2009,12_3_2009,12/03/17,70,42806
145,10,3,2015,10_3_2015,10/03/17,68,42804
146,12,3,2009,12_3_2009,12/03/17,70,42806
147,12,3,2009,12_3_2009,12/03/17,70,42806
148,15,3,2009,15_3_2009,15/03/17,73,42809
148,20,3,2015,20_3_2015,20/03/17,78,42814
149,15,3,2009,15_3_2009,15/03/17,73,42809
150,19,3,2009,19_3_2009,19/03/17,77,42813
151,29,3,2009,29_3_2009,29/03/17,87,42823
152,29,3,2009,29_3_2009,29/03/17,87,42823
152,4,4,2013,4_4_2013,04/04/17,93,42829
153,29,3,2009,29_3_2009,29/03/17,87,42823
153,24,3,2013,24_3_2013,24/03/17,82,42818
154,29,3,2009,29_3_2009,29/03/17,87,42823
155,29,3,2009,29_3_2009,29/03/17,87,42823
156,12,3,2009,12_3_2009,12/03/17,70,42806
157,2,4,2009,2_4_2009,02/04/17,91,42827
158,13,4,2007,13_4_2007,13/04/17,102,42838
158,2,4,2009,2_4_2009,02/04/17,91,42827
159,2,4,2009,2_4_2009,02/04/17,91,42827
160,2,4,2009,2_4_2009,02/04/17,91,42827
160,7,4,2010,7_4_2010,07/04/17,96,42832
161,2,4,2009,2_4_2009,02/04/17,91,42827
162,2,4,2009,2_4_2009,02/04/17,91,42827
162,3,4,2013,3_4_2013,03/04/17,92,42828
162,3,4,2015,3_4_2015,03/04/17,92,42828
163,2,4,2009,2_4_2009,02/04/17,91,42827
164,2,4,2009,2_4_2009,02/04/17,91,42827
165,2,4,2009,2_4_2009,02/04/17,91,42827
166,2,4,2009,2_4_2009,02/04/17,91,42827
166,5,4,2009,5_4_2009,05/04/17,94,42830
169,2,4,2009,2_4_2009,02/04/17,91,42827
170,2,4,2009,2_4_2009,02/04/17,91,42827
171,2,4,2009,2_4_2009,02/04/17,91,42827
172,2,4,2009,2_4_2009,02/04/17,91,42827
173,2,4,2009,2_4_2009,02/04/17,91,42827
173,21,3,2010,21_3_2010,21/03/17,79,42815
174,2,4,2009,2_4_2009,02/04/17,91,42827
174,30,4,2013,30_4_2013,30/04/17,119,42855
174,16,4,2017,16_4_2017,16/04/17,105,42841
175,5,4,2009,5_4_2009,05/04/17,94,42830
176,5,4,2009,5_4_2009,05/04/17,94,42830
179,5,4,2009,5_4_2009,05/04/17,94,42830
179,2,4,2014,2_4_2014,02/04/17,91,42827
179,12,4,2014,12_4_2014,12/04/17,101,42837
180,5,4,2009,5_4_2009,05/04/17,94,42830
180,14,4,2016,14_4_2016,14/04/17,103,42839
181,5,4,2009,5_4_2009,05/04/17,94,42830
181,6,4,2009,6_4_2009,06/04/17,95,42831
181,12,4,2013,12_4_2013,12/04/17,101,42837
182,5,4,2009,5_4_2009,05/04/17,94,42830
183,5,4,2009,5_4_2009,05/04/17,94,42830
185,5,4,2009,5_4_2009,05/04/17,94,42830
189,5,4,2009,5_4_2009,05/04/17,94,42830
189,8,4,2015,8_4_2015,08/04/17,97,42833
190,5,4,2009,5_4_2009,05/04/17,94,42830
191,5,4,2009,5_4_2009,05/04/17,94,42830
191,15,4,2012,15_4_2012,15/04/17,104,42840
191,9,4,2015,9_4_2015,09/04/17,98,42834
192,6,4,2009,6_4_2009,06/04/17,95,42831
194,6,4,2009,6_4_2009,06/04/17,95,42831
196,6,4,2009,6_4_2009,06/04/17,95,42831
197,6,4,2009,6_4_2009,06/04/17,95,42831
198,6,4,2009,6_4_2009,06/04/17,95,42831
199,5,4,2009,5_4_2009,05/04/17,94,42830
199,6,4,2009,6_4_2009,06/04/17,95,42831
200,6,4,2009,6_4_2009,06/04/17,95,42831
201,6,4,2009,6_4_2009,06/04/17,95,42831
202,6,4,2009,6_4_2009,06/04/17,95,42831
204,6,4,2009,6_4_2009,06/04/17,95,42831
205,5,4,2009,5_4_2009,05/04/17,94,42830
218,6,4,2009,6_4_2009,06/04/17,95,42831
219,7,4,2009,7_4_2009,07/04/17,96,42832
219,11,4,2009,11_4_2009,11/04/17,100,42836
219,7,4,2010,7_4_2010,07/04/17,96,42832
219,8,4,2010,8_4_2010,08/04/17,97,42833
219,9,4,2010,9_4_2010,09/04/17,98,42834
219,11,4,2013,11_4_2013,11/04/17,100,42836
220,11,4,2009,11_4_2009,11/04/17,100,42836
220,31,3,2013,31_3_2013,31/03/17,89,42825
221,11,4,2009,11_4_2009,11/04/17,100,42836
222,11,4,2009,11_4_2009,11/04/17,100,42836
223,5,5,2005,5_5_2005,05/05/17,124,42860
223,24,4,2007,24_4_2007,24/04/17,113,42849
223,11,4,2009,11_4_2009,11/04/17,100,42836
223,28,4,2012,28_4_2012,28/04/17,117,42853
223,12,4,2013,12_4_2013,12/04/17,101,42837
223,11,4,2015,11_4_2015,11/04/17,100,42836
224,11,4,2009,11_4_2009,11/04/17,100,42836
224,15,4,2013,15_4_2013,15/04/17,104,42840
225,11,4,2009,11_4_2009,11/04/17,100,42836
226,11,4,2009,11_4_2009,11/04/17,100,42836
226,13,4,2011,13_4_2011,13/04/17,102,42838
226,8,4,2015,8_4_2015,08/04/17,97,42833
227,11,4,2009,11_4_2009,11/04/17,100,42836
228,11,4,2009,11_4_2009,11/04/17,100,42836
229,11,4,2009,11_4_2009,11/04/17,100,42836
231,14,4,2009,14_4_2009,14/04/17,103,42839
232,14,4,2009,14_4_2009,14/04/17,103,42839
233,14,4,2009,14_4_2009,14/04/17,103,42839
234,14,4,2009,14_4_2009,14/04/17,103,42839
234,7,4,2014,7_4_2014,07/04/17,96,42832
235,14,4,2009,14_4_2009,14/04/17,103,42839
236,14,4,2009,14_4_2009,14/04/17,103,42839
237,14,4,2009,14_4_2009,14/04/17,103,42839
237,14,4,2011,14_4_2011,14/04/17,103,42839
237,17,4,2011,17_4_2011,17/04/17,106,42842
238,14,4,2009,14_4_2009,14/04/17,103,42839
239,14,4,2009,14_4_2009,14/04/17,103,42839
239,19,4,2009,19_4_2009,19/04/17,108,42844
239,30,4,2009,30_4_2009,30/04/17,119,42855
239,16,4,2012,16_4_2012,16/04/17,105,42841
239,30,4,2013,30_4_2013,30/04/17,119,42855
239,19,4,2014,19_4_2014,19/04/17,108,42844
239,8,4,2015,8_4_2015,08/04/17,97,42833
239,9,4,2015,9_4_2015,09/04/17,98,42834
239,10,4,2015,10_4_2015,10/04/17,99,42835
242,14,4,2009,14_4_2009,14/04/17,103,42839
244,14,4,2009,14_4_2009,14/04/17,103,42839
244,26,3,2011,26_3_2011,26/03/17,84,42820
244,15,3,2012,15_3_2012,15/03/17,73,42809
244,10,4,2013,10_4_2013,10/04/17,99,42835
245,14,4,2009,14_4_2009,14/04/17,103,42839
246,14,4,2009,14_4_2009,14/04/17,103,42839
248,14,4,2009,14_4_2009,14/04/17,103,42839
249,9,4,2008,9_4_2008,09/04/17,98,42834
251,19,4,2009,19_4_2009,19/04/17,108,42844
252,19,4,2009,19_4_2009,19/04/17,108,42844
252,20,4,2009,20_4_2009,20/04/17,109,42845
254,19,4,2009,19_4_2009,19/04/17,108,42844
255,19,4,2009,19_4_2009,19/04/17,108,42844
255,20,4,2009,20_4_2009,20/04/17,109,42845
256,19,4,2009,19_4_2009,19/04/17,108,42844
257,19,4,2009,19_4_2009,19/04/17,108,42844
257,20,4,2009,20_4_2009,20/04/17,109,42845
257,4,4,2017,4_4_2017,04/04/17,93,42829
259,19,4,2009,19_4_2009,19/04/17,108,42844
259,20,4,2009,20_4_2009,20/04/17,109,42845
261,19,4,2009,19_4_2009,19/04/17,108,42844
261,15,4,2011,15_4_2011,15/04/17,104,42840
262,19,4,2009,19_4_2009,19/04/17,108,42844
262,20,4,2009,20_4_2009,20/04/17,109,42845
263,19,4,2009,19_4_2009,19/04/17,108,42844
263,20,4,2009,20_4_2009,20/04/17,109,42845
264,19,4,2009,19_4_2009,19/04/17,108,42844
266,19,4,2009,19_4_2009,19/04/17,108,42844
266,20,4,2009,20_4_2009,20/04/17,109,42845
266,15,4,2012,15_4_2012,15/04/17,104,42840
267,19,4,2009,19_4_2009,19/04/17,108,42844
267,20,4,2009,20_4_2009,20/04/17,109,42845
268,19,4,2009,19_4_2009,19/04/17,108,42844
268,20,4,2009,20_4_2009,20/04/17,109,42845
270,19,4,2009,19_4_2009,19/04/17,108,42844
270,6,5,2010,6_5_2010,06/05/17,125,42861
271,19,4,2009,19_4_2009,19/04/17,108,42844
273,19,4,2009,19_4_2009,19/04/17,108,42844
273,6,4,2010,6_4_2010,06/04/17,95,42831
274,19,4,2009,19_4_2009,19/04/17,108,42844
275,19,4,2009,19_4_2009,19/04/17,108,42844
276,19,4,2009,19_4_2009,19/04/17,108,42844
277,19,4,2009,19_4_2009,19/04/17,108,42844
277,20,4,2009,20_4_2009,20/04/17,109,42845
277,10,4,2010,10_4_2010,10/04/17,99,42835
279,20,4,2009,20_4_2009,20/04/17,109,42845
280,20,4,2009,20_4_2009,20/04/17,109,42845
281,20,4,2009,20_4_2009,20/04/17,109,42845
281,15,4,2012,15_4_2012,15/04/17,104,42840
282,20,4,2009,20_4_2009,20/04/17,109,42845
284,20,4,2009,20_4_2009,20/04/17,109,42845
284,20,4,2013,20_4_2013,20/04/17,109,42845
285,24,4,2009,24_4_2009,24/04/17,113,42849
286,24,4,2009,24_4_2009,24/04/17,113,42849
286,25,4,2009,25_4_2009,25/04/17,114,42850
286,25,4,2013,25_4_2013,25/04/17,114,42850
286,30,4,2013,30_4_2013,30/04/17,119,42855
286,1,5,2013,1_5_2013,01/05/17,120,42856
287,24,4,2009,24_4_2009,24/04/17,113,42849
288,24,4,2009,24_4_2009,24/04/17,113,42849
289,24,4,2009,24_4_2009,24/04/17,113,42849
290,21,4,2009,21_4_2009,21/04/17,110,42846
290,22,4,2009,22_4_2009,22/04/17,111,42847
290,25,4,2009,25_4_2009,25/04/17,114,42850
290,19,4,2013,19_4_2013,19/04/17,108,42844
290,21,4,2013,21_4_2013,21/04/17,110,42846
290,22,4,2013,22_4_2013,22/04/17,111,42847
291,25,4,2009,25_4_2009,25/04/17,114,42850
292,26,4,2009,26_4_2009,26/04/17,115,42851
292,21,4,2011,21_4_2011,21/04/17,110,42846
293,7,4,2009,7_4_2009,07/04/17,96,42832
294,7,4,2009,7_4_2009,07/04/17,96,42832
295,7,4,2009,7_4_2009,07/04/17,96,42832
296,7,4,2009,7_4_2009,07/04/17,96,42832
298,27,4,2009,27_4_2009,27/04/17,116,42852
299,21,4,2009,21_4_2009,21/04/17,110,42846
299,27,4,2009,27_4_2009,27/04/17,116,42852
299,21,4,2013,21_4_2013,21/04/17,110,42846
299,22,4,2013,22_4_2013,22/04/17,111,42847
301,27,4,2009,27_4_2009,27/04/17,116,42852
301,30,4,2009,30_4_2009,30/04/17,119,42855
301,3,5,2010,3_5_2010,03/05/17,122,42858
301,8,4,2015,8_4_2015,08/04/17,97,42833
302,19,4,2009,19_4_2009,19/04/17,108,42844
302,29,4,2009,29_4_2009,29/04/17,118,42854
302,6,4,2010,6_4_2010,06/04/17,95,42831
303,29,4,2009,29_4_2009,29/04/17,118,42854
303,30,4,2009,30_4_2009,30/04/17,119,42855
305,29,4,2009,29_4_2009,29/04/17,118,42854
305,30,4,2009,30_4_2009,30/04/17,119,42855
305,1,5,2009,1_5_2009,01/05/17,120,42856
305,26,4,2012,26_4_2012,26/04/17,115,42851
305,30,4,2013,30_4_2013,30/04/17,119,42855
305,4,5,2013,4_5_2013,04/05/17,123,42859
305,5,5,2013,5_5_2013,05/05/17,124,42860
306,29,4,2009,29_4_2009,29/04/17,118,42854
308,29,4,2009,29_4_2009,29/04/17,118,42854
308,30,4,2009,30_4_2009,30/04/17,119,42855
308,15,4,2011,15_4_2011,15/04/17,104,42840
308,21,4,2013,21_4_2013,21/04/17,110,42846
308,21,4,2014,21_4_2014,21/04/17,110,42846
312,30,4,2009,30_4_2009,30/04/17,119,42855
313,26,4,2009,26_4_2009,26/04/17,115,42851
315,29,4,2009,29_4_2009,29/04/17,118,42854
318,0,0,1994,0_0_1994,30/11/16,334,42704
319,0,0,1994,0_0_1994,30/11/16,334,42704
319,15,4,2012,15_4_2012,15/04/17,104,42840
319,16,4,2012,16_4_2012,16/04/17,105,42841
322,25,4,2009,25_4_2009,25/04/17,114,42850
324,25,4,2009,25_4_2009,25/04/17,114,42850
327,18,3,2010,18_3_2010,18/03/17,76,42812
328,18,3,2010,18_3_2010,18/03/17,76,42812
328,19,3,2012,19_3_2012,19/03/17,77,42813
329,18,3,2010,18_3_2010,18/03/17,76,42812
329,16,3,2012,16_3_2012,16/03/17,74,42810
330,21,3,2010,21_3_2010,21/03/17,79,42815
331,21,3,2010,21_3_2010,21/03/17,79,42815
332,21,3,2010,21_3_2010,21/03/17,79,42815
333,21,3,2010,21_3_2010,21/03/17,79,42815
334,21,3,2010,21_3_2010,21/03/17,79,42815
334,27,3,2011,27_3_2011,27/03/17,85,42821
335,21,3,2010,21_3_2010,21/03/17,79,42815
336,21,3,2010,21_3_2010,21/03/17,79,42815
336,17,3,2012,17_3_2012,17/03/17,75,42811
336,13,3,2013,13_3_2013,13/03/17,71,42807
336,16,3,2014,16_3_2014,16/03/17,74,42810
336,9,3,2015,9_3_2015,09/03/17,67,42803
336,10,3,2015,10_3_2015,10/03/17,68,42804
337,21,3,2010,21_3_2010,21/03/17,79,42815
338,21,3,2010,21_3_2010,21/03/17,79,42815
339,6,4,2010,6_4_2010,06/04/17,95,42831
340,21,3,2010,21_3_2010,21/03/17,79,42815
341,21,3,2010,21_3_2010,21/03/17,79,42815
342,21,3,2010,21_3_2010,21/03/17,79,42815
343,21,3,2010,21_3_2010,21/03/17,79,42815
344,21,3,2010,21_3_2010,21/03/17,79,42815
344,17,3,2012,17_3_2012,17/03/17,75,42811
345,21,3,2010,21_3_2010,21/03/17,79,42815
346,21,3,2010,21_3_2010,21/03/17,79,42815
346,20,3,2014,20_3_2014,20/03/17,78,42814
348,21,3,2010,21_3_2010,21/03/17,79,42815
349,21,3,2010,21_3_2010,21/03/17,79,42815
350,21,3,2010,21_3_2010,21/03/17,79,42815
351,21,3,2010,21_3_2010,21/03/17,79,42815
352,21,3,2010,21_3_2010,21/03/17,79,42815
352,18,3,2017,18_3_2017,18/03/17,76,42812
353,21,3,2010,21_3_2010,21/03/17,79,42815
354,21,3,2010,21_3_2010,21/03/17,79,42815
356,5,4,2010,5_4_2010,05/04/17,94,42830
356,7,4,2010,7_4_2010,07/04/17,96,42832
357,5,4,2010,5_4_2010,05/04/17,94,42830
357,7,4,2010,7_4_2010,07/04/17,96,42832
358,5,4,2010,5_4_2010,05/04/17,94,42830
359,5,4,2010,5_4_2010,05/04/17,94,42830
359,13,3,2013,13_3_2013,13/03/17,71,42807
359,24,3,2016,24_3_2016,24/03/17,82,42818
359,25,3,2017,25_3_2017,25/03/17,83,42819
361,5,4,2010,5_4_2010,05/04/17,94,42830
361,15,4,2012,15_4_2012,15/04/17,104,42840
363,5,4,2010,5_4_2010,05/04/17,94,42830
364,5,4,2010,5_4_2010,05/04/17,94,42830
364,15,4,2012,15_4_2012,15/04/17,104,42840
364,7,4,2014,7_4_2014,07/04/17,96,42832
364,26,3,2017,26_3_2017,26/03/17,84,42820
365,6,4,2010,6_4_2010,06/04/17,95,42831
365,7,4,2010,7_4_2010,07/04/17,96,42832
365,7,4,2013,7_4_2013,07/04/17,96,42832
365,10,4,2013,10_4_2013,10/04/17,99,42835
366,6,4,2010,6_4_2010,06/04/17,95,42831
366,14,4,2016,14_4_2016,14/04/17,103,42839
367,6,4,2010,6_4_2010,06/04/17,95,42831
367,8,4,2013,8_4_2013,08/04/17,97,42833
368,6,4,2010,6_4_2010,06/04/17,95,42831
369,6,4,2010,6_4_2010,06/04/17,95,42831
369,8,4,2010,8_4_2010,08/04/17,97,42833
370,6,4,2010,6_4_2010,06/04/17,95,42831
371,6,4,2010,6_4_2010,06/04/17,95,42831
371,12,4,2014,12_4_2014,12/04/17,101,42837
371,4,4,2016,4_4_2016,04/04/17,93,42829
374,6,4,2010,6_4_2010,06/04/17,95,42831
378,19,4,2010,19_4_2010,19/04/17,108,42844
378,21,4,2012,21_4_2012,21/04/17,110,42846
378,18,4,2013,18_4_2013,18/04/17,107,42843
378,21,4,2013,21_4_2013,21/04/17,110,42846
379,6,4,2010,6_4_2010,06/04/17,95,42831
380,5,4,2010,5_4_2010,05/04/17,94,42830
380,6,4,2010,6_4_2010,06/04/17,95,42831
380,11,4,2014,11_4_2014,11/04/17,100,42836
382,6,4,2010,6_4_2010,06/04/17,95,42831
384,7,4,2010,7_4_2010,07/04/17,96,42832
385,7,4,2010,7_4_2010,07/04/17,96,42832
385,8,4,2010,8_4_2010,08/04/17,97,42833
386,7,4,2010,7_4_2010,07/04/17,96,42832
388,7,4,2010,7_4_2010,07/04/17,96,42832
389,7,4,2010,7_4_2010,07/04/17,96,42832
390,7,4,2010,7_4_2010,07/04/17,96,42832
392,7,4,2010,7_4_2010,07/04/17,96,42832
393,7,4,2010,7_4_2010,07/04/17,96,42832
394,7,4,2010,7_4_2010,07/04/17,96,42832
395,7,4,2010,7_4_2010,07/04/17,96,42832
396,7,4,2010,7_4_2010,07/04/17,96,42832
397,8,4,2010,8_4_2010,08/04/17,97,42833
397,20,3,2015,20_3_2015,20/03/17,78,42814
398,8,4,2010,8_4_2010,08/04/17,97,42833
399,8,4,2010,8_4_2010,08/04/17,97,42833
400,8,4,2010,8_4_2010,08/04/17,97,42833
401,8,4,2010,8_4_2010,08/04/17,97,42833
402,8,4,2010,8_4_2010,08/04/17,97,42833
402,15,4,2012,15_4_2012,15/04/17,104,42840
402,19,4,2012,19_4_2012,19/04/17,108,42844
402,8,4,2013,8_4_2013,08/04/17,97,42833
402,9,4,2013,9_4_2013,09/04/17,98,42834
402,4,4,2016,4_4_2016,04/04/17,93,42829
403,8,4,2010,8_4_2010,08/04/17,97,42833
404,8,4,2010,8_4_2010,08/04/17,97,42833
405,8,4,2010,8_4_2010,08/04/17,97,42833
406,8,4,2010,8_4_2010,08/04/17,97,42833
407,9,4,2010,9_4_2010,09/04/17,98,42834
408,9,4,2010,9_4_2010,09/04/17,98,42834
409,9,4,2010,9_4_2010,09/04/17,98,42834
410,9,4,2010,9_4_2010,09/04/17,98,42834
411,9,4,2010,9_4_2010,09/04/17,98,42834
412,10,4,2010,10_4_2010,10/04/17,99,42835
412,8,4,2013,8_4_2013,08/04/17,97,42833
414,12,4,2010,12_4_2010,12/04/17,101,42837
415,12,4,2010,12_4_2010,12/04/17,101,42837
415,15,4,2011,15_4_2011,15/04/17,104,42840
415,21,4,2012,21_4_2012,21/04/17,110,42846
415,10,4,2015,10_4_2015,10/04/17,99,42835
415,14,4,2016,14_4_2016,14/04/17,103,42839
416,12,4,2010,12_4_2010,12/04/17,101,42837
417,12,4,2010,12_4_2010,12/04/17,101,42837
417,21,4,2013,21_4_2013,21/04/17,110,42846
418,12,4,2010,12_4_2010,12/04/17,101,42837
418,13,4,2010,13_4_2010,13/04/17,102,42838
419,12,4,2010,12_4_2010,12/04/17,101,42837
420,12,4,2010,12_4_2010,12/04/17,101,42837
421,12,4,2010,12_4_2010,12/04/17,101,42837
421,13,4,2016,13_4_2016,13/04/17,102,42838
421,14,4,2016,14_4_2016,14/04/17,103,42839
422,12,4,2010,12_4_2010,12/04/17,101,42837
424,13,4,2010,13_4_2010,13/04/17,102,42838
425,12,4,2010,12_4_2010,12/04/17,101,42837
426,20,4,2008,20_4_2008,20/04/17,109,42845
426,12,4,2010,12_4_2010,12/04/17,101,42837
426,13,4,2010,13_4_2010,13/04/17,102,42838
426,17,4,2011,17_4_2011,17/04/17,106,42842
427,12,4,2010,12_4_2010,12/04/17,101,42837
428,21,4,2010,21_4_2010,21/04/17,110,42846
429,21,4,2010,21_4_2010,21/04/17,110,42846
430,21,4,2010,21_4_2010,21/04/17,110,42846
431,22,4,2010,22_4_2010,22/04/17,111,42847
434,22,4,2010,22_4_2010,22/04/17,111,42847
435,2,5,2010,2_5_2010,02/05/17,121,42857
436,3,5,2010,3_5_2010,03/05/17,122,42858
437,6,5,2010,6_5_2010,06/05/17,125,42861
438,7,5,2010,7_5_2010,07/05/17,126,42862
439,7,5,2010,7_5_2010,07/05/17,126,42862
440,14,5,2010,14_5_2010,14/05/17,133,42869
441,14,5,2010,14_5_2010,14/05/17,133,42869
441,23,4,2016,23_4_2016,23/04/17,112,42848
442,14,5,2010,14_5_2010,14/05/17,133,42869
444,18,3,2010,18_3_2010,18/03/17,76,42812
445,12,3,2006,12_3_2006,12/03/17,70,42806
446,1,4,2006,1_4_2006,01/04/17,90,42826
447,2,4,2006,2_4_2006,02/04/17,91,42827
448,15,4,2006,15_4_2006,15/04/17,104,42840
448,28,3,2011,28_3_2011,28/03/17,86,42822
448,2,5,2012,2_5_2012,02/05/17,121,42857
448,22,3,2015,22_3_2015,22/03/17,80,42816
449,15,4,2006,15_4_2006,15/04/17,104,42840
450,24,4,2007,24_4_2007,24/04/17,113,42849
450,15,4,2011,15_4_2011,15/04/17,104,42840
450,19,4,2013,19_4_2013,19/04/17,108,42844
450,11,4,2014,11_4_2014,11/04/17,100,42836
451,27,4,2007,27_4_2007,27/04/17,116,42852
452,20,4,2008,20_4_2008,20/04/17,109,42845
454,29,4,2008,29_4_2008,29/04/17,118,42854
455,29,4,2008,29_4_2008,29/04/17,118,42854
456,1,4,2006,1_4_2006,01/04/17,90,42826
457,22,1,2011,22_1_2011,22/01/17,21,42757
458,21,4,2010,21_4_2010,21/04/17,110,42846
489,19,3,2011,19_3_2011,19/03/17,77,42813
489,8,3,2017,8_3_2017,08/03/17,66,42802
492,19,3,2011,19_3_2011,19/03/17,77,42813
493,19,3,2011,19_3_2011,19/03/17,77,42813
494,19,3,2011,19_3_2011,19/03/17,77,42813
496,19,3,2011,19_3_2011,19/03/17,77,42813
498,14,3,2011,14_3_2011,14/03/17,72,42808
498,17,3,2012,17_3_2012,17/03/17,75,42811
499,14,3,2011,14_3_2011,14/03/17,72,42808
500,13,3,2011,13_3_2011,13/03/17,71,42807
501,14,3,2011,14_3_2011,14/03/17,72,42808
502,14,3,2011,14_3_2011,14/03/17,72,42808
502,19,3,2011,19_3_2011,19/03/17,77,42813
503,14,3,2011,14_3_2011,14/03/17,72,42808
504,14,3,2011,14_3_2011,14/03/17,72,42808
504,15,3,2011,15_3_2011,15/03/17,73,42809
505,14,3,2011,14_3_2011,14/03/17,72,42808
506,14,3,2011,14_3_2011,14/03/17,72,42808
506,20,3,2015,20_3_2015,20/03/17,78,42814
507,15,3,2011,15_3_2011,15/03/17,73,42809
508,15,3,2011,15_3_2011,15/03/17,73,42809
509,15,3,2011,15_3_2011,15/03/17,73,42809
510,15,3,2011,15_3_2011,15/03/17,73,42809
511,15,3,2011,15_3_2011,15/03/17,73,42809
512,15,3,2011,15_3_2011,15/03/17,73,42809
512,19,3,2011,19_3_2011,19/03/17,77,42813
513,15,3,2011,15_3_2011,15/03/17,73,42809
514,15,3,2011,15_3_2011,15/03/17,73,42809
514,17,3,2012,17_3_2012,17/03/17,75,42811
514,22,3,2012,22_3_2012,22/03/17,80,42816
514,12,3,2017,12_3_2017,12/03/17,70,42806
515,15,3,2011,15_3_2011,15/03/17,73,42809
516,15,3,2011,15_3_2011,15/03/17,73,42809
517,14,3,2011,14_3_2011,14/03/17,72,42808
520,16,3,2011,16_3_2011,16/03/17,74,42810
521,15,3,2011,15_3_2011,15/03/17,73,42809
525,15,3,2011,15_3_2011,15/03/17,73,42809
526,15,3,2011,15_3_2011,15/03/17,73,42809
527,19,3,2011,19_3_2011,19/03/17,77,42813
528,19,3,2011,19_3_2011,19/03/17,77,42813
530,26,3,2011,26_3_2011,26/03/17,84,42820
530,9,3,2015,9_3_2015,09/03/17,67,42803
531,26,3,2011,26_3_2011,26/03/17,84,42820
531,14,1,2017,14_1_2017,14/01/17,13,42749
532,26,3,2011,26_3_2011,26/03/17,84,42820
534,26,3,2011,26_3_2011,26/03/17,84,42820
535,26,3,2011,26_3_2011,26/03/17,84,42820
535,27,3,2011,27_3_2011,27/03/17,85,42821
536,26,3,2011,26_3_2011,26/03/17,84,42820
537,26,3,2011,26_3_2011,26/03/17,84,42820
538,26,3,2011,26_3_2011,26/03/17,84,42820
539,26,3,2011,26_3_2011,26/03/17,84,42820
540,26,3,2011,26_3_2011,26/03/17,84,42820
540,27,3,2011,27_3_2011,27/03/17,85,42821
546,28,3,2011,28_3_2011,28/03/17,86,42822
546,30,3,2011,30_3_2011,30/03/17,88,42824
546,19,3,2012,19_3_2012,19/03/17,77,42813
546,21,3,2012,21_3_2012,21/03/17,79,42815
547,28,3,2011,28_3_2011,28/03/17,86,42822
547,30,3,2011,30_3_2011,30/03/17,88,42824
548,30,3,2011,30_3_2011,30/03/17,88,42824
549,30,3,2011,30_3_2011,30/03/17,88,42824
552,30,3,2011,30_3_2011,30/03/17,88,42824
553,30,3,2011,30_3_2011,30/03/17,88,42824
554,30,3,2011,30_3_2011,30/03/17,88,42824
555,30,3,2011,30_3_2011,30/03/17,88,42824
556,30,3,2011,30_3_2011,30/03/17,88,42824
557,30,3,2011,30_3_2011,30/03/17,88,42824
558,30,3,2011,30_3_2011,30/03/17,88,42824
559,30,3,2011,30_3_2011,30/03/17,88,42824
561,30,3,2011,30_3_2011,30/03/17,88,42824
563,30,3,2011,30_3_2011,30/03/17,88,42824
563,4,4,2011,4_4_2011,04/04/17,93,42829
564,19,4,2009,19_4_2009,19/04/17,108,42844
564,30,3,2011,30_3_2011,30/03/17,88,42824
564,4,4,2013,4_4_2013,04/04/17,93,42829
565,4,4,2011,4_4_2011,04/04/17,93,42829
567,4,4,2011,4_4_2011,04/04/17,93,42829
567,7,4,2011,7_4_2011,07/04/17,96,42832
569,4,4,2011,4_4_2011,04/04/17,93,42829
570,4,4,2011,4_4_2011,04/04/17,93,42829
570,3,4,2015,3_4_2015,03/04/17,92,42828
571,7,4,2011,7_4_2011,07/04/17,96,42832
572,7,4,2011,7_4_2011,07/04/17,96,42832
573,7,4,2011,7_4_2011,07/04/17,96,42832
575,7,4,2011,7_4_2011,07/04/17,96,42832
576,7,4,2011,7_4_2011,07/04/17,96,42832
577,7,4,2011,7_4_2011,07/04/17,96,42832
578,7,4,2011,7_4_2011,07/04/17,96,42832
579,7,4,2011,7_4_2011,07/04/17,96,42832
580,7,4,2011,7_4_2011,07/04/17,96,42832
581,8,4,2011,8_4_2011,08/04/17,97,42833
582,8,3,2011,8_3_2011,08/03/17,66,42802
582,8,4,2011,8_4_2011,08/04/17,97,42833
583,26,3,2011,26_3_2011,26/03/17,84,42820
584,4,4,2011,4_4_2011,04/04/17,93,42829
586,13,4,2011,13_4_2011,13/04/17,102,42838
587,13,4,2011,13_4_2011,13/04/17,102,42838
588,13,4,2011,13_4_2011,13/04/17,102,42838
589,13,4,2011,13_4_2011,13/04/17,102,42838
589,15,4,2011,15_4_2011,15/04/17,104,42840
589,20,4,2011,20_4_2011,20/04/17,109,42845
589,15,4,2013,15_4_2013,15/04/17,104,42840
589,14,4,2016,14_4_2016,14/04/17,103,42839
590,13,4,2011,13_4_2011,13/04/17,102,42838
590,13,4,2013,13_4_2013,13/04/17,102,42838
590,11,4,2014,11_4_2014,11/04/17,100,42836
590,12,4,2014,12_4_2014,12/04/17,101,42837
591,13,4,2011,13_4_2011,13/04/17,102,42838
594,13,4,2011,13_4_2011,13/04/17,102,42838
595,13,4,2011,13_4_2011,13/04/17,102,42838
596,13,4,2011,13_4_2011,13/04/17,102,42838
597,15,4,2011,15_4_2011,15/04/17,104,42840
597,19,4,2014,19_4_2014,19/04/17,108,42844
598,15,4,2011,15_4_2011,15/04/17,104,42840
600,15,4,2011,15_4_2011,15/04/17,104,42840
603,15,4,2011,15_4_2011,15/04/17,104,42840
605,15,4,2011,15_4_2011,15/04/17,104,42840
607,15,4,2011,15_4_2011,15/04/17,104,42840
607,17,4,2011,17_4_2011,17/04/17,106,42842
610,15,4,2011,15_4_2011,15/04/17,104,42840
610,18,4,2011,18_4_2011,18/04/17,107,42843
615,15,4,2011,15_4_2011,15/04/17,104,42840
615,23,3,2015,23_3_2015,23/03/17,81,42817
620,17,4,2011,17_4_2011,17/04/17,106,42842
621,17,4,2011,17_4_2011,17/04/17,106,42842
622,17,4,2011,17_4_2011,17/04/17,106,42842
623,17,4,2011,17_4_2011,17/04/17,106,42842
627,17,4,2011,17_4_2011,17/04/17,106,42842
629,17,4,2011,17_4_2011,17/04/17,106,42842
633,17,4,2011,17_4_2011,17/04/17,106,42842
636,18,4,2011,18_4_2011,18/04/17,107,42843
638,18,4,2011,18_4_2011,18/04/17,107,42843
639,18,4,2011,18_4_2011,18/04/17,107,42843
639,27,4,2016,27_4_2016,27/04/17,116,42852
640,18,4,2011,18_4_2011,18/04/17,107,42843
641,18,4,2011,18_4_2011,18/04/17,107,42843
642,18,4,2011,18_4_2011,18/04/17,107,42843
643,18,4,2011,18_4_2011,18/04/17,107,42843
645,20,4,2011,20_4_2011,20/04/17,109,42845
645,14,4,2012,14_4_2012,14/04/17,103,42839
648,20,4,2011,20_4_2011,20/04/17,109,42845
650,20,4,2011,20_4_2011,20/04/17,109,42845
651,19,4,2011,19_4_2011,19/04/17,108,42844
651,20,4,2011,20_4_2011,20/04/17,109,42845
651,21,4,2011,21_4_2011,21/04/17,110,42846
651,24,4,2011,24_4_2011,24/04/17,113,42849
651,19,4,2013,19_4_2013,19/04/17,108,42844
651,21,4,2013,21_4_2013,21/04/17,110,42846
651,27,4,2016,27_4_2016,27/04/17,116,42852
651,29,4,2016,29_4_2016,29/04/17,118,42854
651,30,4,2016,30_4_2016,30/04/17,119,42855
651,2,5,2016,2_5_2016,02/05/17,121,42857
652,20,4,2011,20_4_2011,20/04/17,109,42845
652,9,4,2017,9_4_2017,09/04/17,98,42834
653,20,4,2011,20_4_2011,20/04/17,109,42845
653,19,4,2014,19_4_2014,19/04/17,108,42844
654,26,4,2011,26_4_2011,26/04/17,115,42851
655,26,4,2011,26_4_2011,26/04/17,115,42851
655,10,4,2013,10_4_2013,10/04/17,99,42835
655,25,3,2017,25_3_2017,25/03/17,83,42819
657,26,4,2011,26_4_2011,26/04/17,115,42851
659,24,4,2011,24_4_2011,24/04/17,113,42849
662,20,4,2011,20_4_2011,20/04/17,109,42845
663,5,5,2011,5_5_2011,05/05/17,124,42860
664,5,5,2011,5_5_2011,05/05/17,124,42860
665,5,5,2011,5_5_2011,05/05/17,124,42860
665,19,4,2012,19_4_2012,19/04/17,108,42844
665,23,2,2016,23_2_2016,23/02/17,53,42789
666,5,4,2009,5_4_2009,05/04/17,94,42830
667,13,4,2010,13_4_2010,13/04/17,102,42838
689,13,4,2006,13_4_2006,13/04/17,102,42838
690,9,1,2012,9_1_2012,09/01/17,8,42744
691,12,4,2010,12_4_2010,12/04/17,101,42837
692,15,3,2011,15_3_2011,15/03/17,73,42809
693,21,1,2012,21_1_2012,21/01/17,20,42756
700,21,1,2012,21_1_2012,21/01/17,20,42756
700,23,1,2012,23_1_2012,23/01/17,22,42758
701,21,1,2012,21_1_2012,21/01/17,20,42756
703,23,1,2012,23_1_2012,23/01/17,22,42758
704,20,1,2012,20_1_2012,20/01/17,19,42755
705,1,2,2012,1_2_2012,01/02/17,31,42767
706,1,2,2012,1_2_2012,01/02/17,31,42767
707,29,2,2012,29_2_2012,01/03/17,59,42795
708,29,2,2012,29_2_2012,01/03/17,59,42795
709,29,2,2012,29_2_2012,01/03/17,59,42795
710,29,2,2012,29_2_2012,01/03/17,59,42795
711,29,2,2012,29_2_2012,01/03/17,59,42795
713,29,2,2012,29_2_2012,01/03/17,59,42795
714,29,2,2012,29_2_2012,01/03/17,59,42795
715,29,2,2012,29_2_2012,01/03/17,59,42795
717,29,2,2012,29_2_2012,01/03/17,59,42795
718,29,2,2012,29_2_2012,01/03/17,59,42795
719,29,2,2012,29_2_2012,01/03/17,59,42795
720,13,3,2012,13_3_2012,13/03/17,71,42807
721,13,3,2012,13_3_2012,13/03/17,71,42807
721,14,3,2012,14_3_2012,14/03/17,72,42808
722,13,3,2012,13_3_2012,13/03/17,71,42807
723,13,3,2012,13_3_2012,13/03/17,71,42807
723,15,3,2012,15_3_2012,15/03/17,73,42809
724,13,3,2012,13_3_2012,13/03/17,71,42807
728,14,3,2012,14_3_2012,14/03/17,72,42808
728,15,3,2012,15_3_2012,15/03/17,73,42809
728,19,3,2012,19_3_2012,19/03/17,77,42813
728,16,8,2016,16_8_2016,16/08/17,227,42963
730,14,3,2012,14_3_2012,14/03/17,72,42808
731,14,3,2012,14_3_2012,14/03/17,72,42808
732,14,3,2012,14_3_2012,14/03/17,72,42808
732,16,3,2012,16_3_2012,16/03/17,74,42810
734,14,3,2012,14_3_2012,14/03/17,72,42808
735,14,3,2012,14_3_2012,14/03/17,72,42808
735,15,3,2012,15_3_2012,15/03/17,73,42809
735,18,3,2017,18_3_2017,18/03/17,76,42812
736,14,3,2012,14_3_2012,14/03/17,72,42808
736,15,3,2012,15_3_2012,15/03/17,73,42809
736,13,3,2013,13_3_2013,13/03/17,71,42807
736,10,3,2015,10_3_2015,10/03/17,68,42804
737,14,3,2012,14_3_2012,14/03/17,72,42808
738,14,3,2012,14_3_2012,14/03/17,72,42808
741,14,3,2012,14_3_2012,14/03/17,72,42808
742,14,3,2012,14_3_2012,14/03/17,72,42808
743,14,3,2012,14_3_2012,14/03/17,72,42808
744,14,3,2012,14_3_2012,14/03/17,72,42808
745,14,3,2012,14_3_2012,14/03/17,72,42808
746,14,3,2012,14_3_2012,14/03/17,72,42808
747,14,3,2012,14_3_2012,14/03/17,72,42808
748,14,3,2012,14_3_2012,14/03/17,72,42808
749,14,3,2012,14_3_2012,14/03/17,72,42808
749,21,3,2012,21_3_2012,21/03/17,79,42815
749,16,3,2014,16_3_2014,16/03/17,74,42810
749,16,5,2014,16_5_2014,16/05/17,135,42871
750,15,3,2012,15_3_2012,15/03/17,73,42809
751,15,3,2012,15_3_2012,15/03/17,73,42809
752,15,3,2012,15_3_2012,15/03/17,73,42809
752,16,3,2012,16_3_2012,16/03/17,74,42810
754,15,3,2012,15_3_2012,15/03/17,73,42809
758,15,3,2012,15_3_2012,15/03/17,73,42809
758,17,3,2012,17_3_2012,17/03/17,75,42811
758,22,3,2012,22_3_2012,22/03/17,80,42816
758,18,3,2017,18_3_2017,18/03/17,76,42812
759,15,3,2012,15_3_2012,15/03/17,73,42809
761,15,3,2012,15_3_2012,15/03/17,73,42809
765,16,3,2012,16_3_2012,16/03/17,74,42810
767,15,3,2012,15_3_2012,15/03/17,73,42809
767,16,3,2012,16_3_2012,16/03/17,74,42810
767,19,3,2012,19_3_2012,19/03/17,77,42813
767,16,3,2014,16_3_2014,16/03/17,74,42810
768,16,3,2012,16_3_2012,16/03/17,74,42810
772,16,3,2012,16_3_2012,16/03/17,74,42810
773,16,3,2012,16_3_2012,16/03/17,74,42810
774,16,3,2012,16_3_2012,16/03/17,74,42810
778,16,3,2012,16_3_2012,16/03/17,74,42810
781,16,3,2012,16_3_2012,16/03/17,74,42810
781,17,3,2012,17_3_2012,17/03/17,75,42811
783,17,3,2012,17_3_2012,17/03/17,75,42811
784,17,3,2012,17_3_2012,17/03/17,75,42811
784,21,3,2012,21_3_2012,21/03/17,79,42815
785,17,3,2012,17_3_2012,17/03/17,75,42811
786,17,3,2012,17_3_2012,17/03/17,75,42811
787,17,3,2012,17_3_2012,17/03/17,75,42811
789,17,3,2012,17_3_2012,17/03/17,75,42811
790,15,3,2012,15_3_2012,15/03/17,73,42809
790,17,3,2012,17_3_2012,17/03/17,75,42811
791,15,3,2012,15_3_2012,15/03/17,73,42809
791,17,3,2012,17_3_2012,17/03/17,75,42811
792,17,3,2012,17_3_2012,17/03/17,75,42811
793,17,3,2012,17_3_2012,17/03/17,75,42811
795,17,3,2012,17_3_2012,17/03/17,75,42811
796,17,3,2012,17_3_2012,17/03/17,75,42811
797,18,3,2012,18_3_2012,18/03/17,76,42812
798,18,3,2012,18_3_2012,18/03/17,76,42812
800,18,3,2012,18_3_2012,18/03/17,76,42812
801,18,3,2012,18_3_2012,18/03/17,76,42812
803,18,3,2012,18_3_2012,18/03/17,76,42812
806,18,3,2012,18_3_2012,18/03/17,76,42812
807,18,3,2012,18_3_2012,18/03/17,76,42812
809,18,3,2012,18_3_2012,18/03/17,76,42812
810,19,3,2012,19_3_2012,19/03/17,77,42813
811,19,3,2012,19_3_2012,19/03/17,77,42813
812,19,3,2012,19_3_2012,19/03/17,77,42813
813,19,3,2012,19_3_2012,19/03/17,77,42813
814,19,3,2012,19_3_2012,19/03/17,77,42813
815,19,3,2012,19_3_2012,19/03/17,77,42813
818,19,3,2012,19_3_2012,19/03/17,77,42813
819,19,3,2012,19_3_2012,19/03/17,77,42813
820,19,3,2012,19_3_2012,19/03/17,77,42813
820,8,4,2013,8_4_2013,08/04/17,97,42833
821,19,3,2012,19_3_2012,19/03/17,77,42813
825,19,3,2012,19_3_2012,19/03/17,77,42813
826,19,3,2012,19_3_2012,19/03/17,77,42813
827,19,3,2012,19_3_2012,19/03/17,77,42813
829,21,3,2012,21_3_2012,21/03/17,79,42815
830,21,3,2012,21_3_2012,21/03/17,79,42815
831,21,3,2012,21_3_2012,21/03/17,79,42815
832,21,3,2012,21_3_2012,21/03/17,79,42815
833,21,3,2012,21_3_2012,21/03/17,79,42815
835,21,3,2012,21_3_2012,21/03/17,79,42815
835,3,4,2013,3_4_2013,03/04/17,92,42828
836,21,3,2012,21_3_2012,21/03/17,79,42815
837,21,3,2012,21_3_2012,21/03/17,79,42815
839,21,3,2012,21_3_2012,21/03/17,79,42815
840,21,3,2012,21_3_2012,21/03/17,79,42815
842,21,3,2012,21_3_2012,21/03/17,79,42815
843,21,3,2012,21_3_2012,21/03/17,79,42815
843,23,3,2015,23_3_2015,23/03/17,81,42817
843,8,3,2017,8_3_2017,08/03/17,66,42802
845,21,3,2012,21_3_2012,21/03/17,79,42815
846,21,3,2012,21_3_2012,21/03/17,79,42815
846,24,3,2013,24_3_2013,24/03/17,82,42818
847,24,3,2012,24_3_2012,24/03/17,82,42818
848,23,3,2012,23_3_2012,23/03/17,81,42817
848,24,3,2012,24_3_2012,24/03/17,82,42818
848,25,3,2012,25_3_2012,25/03/17,83,42819
849,24,3,2012,24_3_2012,24/03/17,82,42818
851,24,3,2012,24_3_2012,24/03/17,82,42818
852,21,3,2012,21_3_2012,21/03/17,79,42815
852,14,8,2016,14_8_2016,14/08/17,225,42961
855,25,3,2012,25_3_2012,25/03/17,83,42819
856,25,3,2012,25_3_2012,25/03/17,83,42819
856,9,4,2013,9_4_2013,09/04/17,98,42834
857,25,3,2012,25_3_2012,25/03/17,83,42819
858,16,3,2012,16_3_2012,16/03/17,74,42810
859,9,4,2012,9_4_2012,09/04/17,98,42834
860,9,4,2012,9_4_2012,09/04/17,98,42834
860,11,4,2012,11_4_2012,11/04/17,100,42836
860,15,4,2012,15_4_2012,15/04/17,104,42840
861,9,4,2012,9_4_2012,09/04/17,98,42834
862,9,4,2012,9_4_2012,09/04/17,98,42834
863,9,4,2012,9_4_2012,09/04/17,98,42834
863,9,5,2014,9_5_2014,09/05/17,128,42864
863,9,4,2015,9_4_2015,09/04/17,98,42834
864,9,4,2012,9_4_2012,09/04/17,98,42834
865,9,4,2012,9_4_2012,09/04/17,98,42834
866,9,4,2012,9_4_2012,09/04/17,98,42834
867,9,4,2012,9_4_2012,09/04/17,98,42834
868,9,4,2012,9_4_2012,09/04/17,98,42834
869,9,4,2012,9_4_2012,09/04/17,98,42834
870,9,4,2012,9_4_2012,09/04/17,98,42834
872,9,4,2012,9_4_2012,09/04/17,98,42834
874,11,4,2012,11_4_2012,11/04/17,100,42836
876,17,3,2012,17_3_2012,17/03/17,75,42811
877,14,4,2012,14_4_2012,14/04/17,103,42839
877,8,4,2015,8_4_2015,08/04/17,97,42833
879,15,4,2012,15_4_2012,15/04/17,104,42840
880,15,4,2012,15_4_2012,15/04/17,104,42840
881,15,4,2012,15_4_2012,15/04/17,104,42840
882,15,4,2012,15_4_2012,15/04/17,104,42840
883,15,4,2012,15_4_2012,15/04/17,104,42840
884,15,4,2012,15_4_2012,15/04/17,104,42840
885,15,4,2012,15_4_2012,15/04/17,104,42840
885,26,3,2017,26_3_2017,26/03/17,84,42820
886,15,4,2012,15_4_2012,15/04/17,104,42840
887,15,4,2012,15_4_2012,15/04/17,104,42840
889,15,4,2012,15_4_2012,15/04/17,104,42840
889,9,4,2013,9_4_2013,09/04/17,98,42834
889,10,4,2013,10_4_2013,10/04/17,99,42835
889,23,3,2015,23_3_2015,23/03/17,81,42817
889,15,4,2015,15_4_2015,15/04/17,104,42840
890,15,4,2012,15_4_2012,15/04/17,104,42840
890,10,4,2015,10_4_2015,10/04/17,99,42835
891,15,4,2012,15_4_2012,15/04/17,104,42840
892,15,4,2012,15_4_2012,15/04/17,104,42840
893,15,4,2012,15_4_2012,15/04/17,104,42840
893,19,4,2013,19_4_2013,19/04/17,108,42844
896,15,4,2012,15_4_2012,15/04/17,104,42840
896,16,4,2012,16_4_2012,16/04/17,105,42841
896,21,4,2013,21_4_2013,21/04/17,110,42846
897,15,4,2012,15_4_2012,15/04/17,104,42840
898,12,4,2012,12_4_2012,12/04/17,101,42837
898,15,4,2012,15_4_2012,15/04/17,104,42840
899,15,4,2012,15_4_2012,15/04/17,104,42840
899,9,4,2013,9_4_2013,09/04/17,98,42834
899,23,3,2015,23_3_2015,23/03/17,81,42817
901,15,4,2012,15_4_2012,15/04/17,104,42840
902,15,4,2012,15_4_2012,15/04/17,104,42840
903,15,4,2012,15_4_2012,15/04/17,104,42840
905,16,4,2012,16_4_2012,16/04/17,105,42841
907,16,4,2012,16_4_2012,16/04/17,105,42841
908,16,4,2012,16_4_2012,16/04/17,105,42841
910,18,4,2012,18_4_2012,18/04/17,107,42843
910,29,4,2016,29_4_2016,29/04/17,118,42854
911,18,4,2012,18_4_2012,18/04/17,107,42843
912,18,4,2012,18_4_2012,18/04/17,107,42843
913,18,4,2012,18_4_2012,18/04/17,107,42843
914,18,4,2012,18_4_2012,18/04/17,107,42843
917,12,3,2012,12_3_2012,12/03/17,70,42806
917,23,3,2012,23_3_2012,23/03/17,81,42817
920,16,4,2012,16_4_2012,16/04/17,105,42841
921,16,4,2012,16_4_2012,16/04/17,105,42841
923,19,4,2012,19_4_2012,19/04/17,108,42844
924,19,4,2012,19_4_2012,19/04/17,108,42844
924,20,4,2012,20_4_2012,20/04/17,109,42845
924,16,4,2017,16_4_2017,16/04/17,105,42841
924,22,4,2017,22_4_2017,22/04/17,111,42847
925,18,4,2012,18_4_2012,18/04/17,107,42843
925,19,4,2012,19_4_2012,19/04/17,108,42844
925,20,4,2012,20_4_2012,20/04/17,109,42845
925,15,4,2013,15_4_2013,15/04/17,104,42840
925,18,4,2013,18_4_2013,18/04/17,107,42843
925,19,4,2013,19_4_2013,19/04/17,108,42844
929,19,4,2012,19_4_2012,19/04/17,108,42844
931,20,4,2012,20_4_2012,20/04/17,109,42845
932,20,4,2012,20_4_2012,20/04/17,109,42845
932,21,4,2012,21_4_2012,21/04/17,110,42846
933,20,4,2012,20_4_2012,20/04/17,109,42845
934,20,4,2012,20_4_2012,20/04/17,109,42845
938,21,4,2012,21_4_2012,21/04/17,110,42846
940,21,4,2012,21_4_2012,21/04/17,110,42846
941,21,4,2012,21_4_2012,21/04/17,110,42846
942,21,4,2012,21_4_2012,21/04/17,110,42846
945,22,4,2012,22_4_2012,22/04/17,111,42847
946,19,4,2012,19_4_2012,19/04/17,108,42844
947,23,4,2012,23_4_2012,23/04/17,112,42848
948,21,4,2012,21_4_2012,21/04/17,110,42846
950,21,4,2012,21_4_2012,21/04/17,110,42846
951,22,4,2012,22_4_2012,22/04/17,111,42847
952,26,4,2012,26_4_2012,26/04/17,115,42851
952,21,4,2013,21_4_2013,21/04/17,110,42846
955,21,4,2012,21_4_2012,21/04/17,110,42846
956,2,5,2012,2_5_2012,02/05/17,121,42857
957,19,3,2012,19_3_2012,19/03/17,77,42813
1001,9,1,2013,9_1_2013,09/01/17,8,42744
1002,14,1,2013,14_1_2013,14/01/17,13,42749
1003,15,1,2013,15_1_2013,15/01/17,14,42750
1004,15,1,2013,15_1_2013,15/01/17,14,42750
1005,15,1,2013,15_1_2013,15/01/17,14,42750
1006,16,1,2013,16_1_2013,16/01/17,15,42751
1007,16,1,2013,16_1_2013,16/01/17,15,42751
1008,16,1,2013,16_1_2013,16/01/17,15,42751
1009,15,1,2013,15_1_2013,15/01/17,14,42750
1010,26,2,2013,26_2_2013,26/02/17,56,42792
1011,26,2,2013,26_2_2013,26/02/17,56,42792
1012,13,3,2013,13_3_2013,13/03/17,71,42807
1015,13,3,2013,13_3_2013,13/03/17,71,42807
1016,13,3,2013,13_3_2013,13/03/17,71,42807
1017,13,3,2013,13_3_2013,13/03/17,71,42807
1018,13,3,2013,13_3_2013,13/03/17,71,42807
1022,14,3,2013,14_3_2013,14/03/17,72,42808
1023,18,3,2013,18_3_2013,18/03/17,76,42812
1024,18,3,2013,18_3_2013,18/03/17,76,42812
1025,18,3,2013,18_3_2013,18/03/17,76,42812
1026,18,3,2013,18_3_2013,18/03/17,76,42812
1027,24,3,2013,24_3_2013,24/03/17,82,42818
1028,24,3,2013,24_3_2013,24/03/17,82,42818
1029,24,3,2013,24_3_2013,24/03/17,82,42818
1030,24,3,2013,24_3_2013,24/03/17,82,42818
1030,23,3,2016,23_3_2016,23/03/17,81,42817
1032,24,3,2013,24_3_2013,24/03/17,82,42818
1033,24,3,2013,24_3_2013,24/03/17,82,42818
1036,24,3,2013,24_3_2013,24/03/17,82,42818
1037,24,3,2013,24_3_2013,24/03/17,82,42818
1039,3,3,2013,3_3_2013,03/03/17,61,42797
1039,31,3,2013,31_3_2013,31/03/17,89,42825
1042,31,3,2013,31_3_2013,31/03/17,89,42825
1043,31,3,2013,31_3_2013,31/03/17,89,42825
1044,31,3,2013,31_3_2013,31/03/17,89,42825
1045,31,3,2013,31_3_2013,31/03/17,89,42825
1047,3,4,2013,3_4_2013,03/04/17,92,42828
1048,3,4,2013,3_4_2013,03/04/17,92,42828
1049,10,4,2013,10_4_2013,10/04/17,99,42835
1051,3,4,2013,3_4_2013,03/04/17,92,42828
1052,3,4,2013,3_4_2013,03/04/17,92,42828
1053,3,4,2013,3_4_2013,03/04/17,92,42828
1055,3,4,2013,3_4_2013,03/04/17,92,42828
1056,3,4,2013,3_4_2013,03/04/17,92,42828
1060,3,4,2013,3_4_2013,03/04/17,92,42828
1065,3,4,2013,3_4_2013,03/04/17,92,42828
1066,3,4,2013,3_4_2013,03/04/17,92,42828
1069,3,4,2013,3_4_2013,03/04/17,92,42828
1074,3,4,2013,3_4_2013,03/04/17,92,42828
1076,3,4,2013,3_4_2013,03/04/17,92,42828
1077,3,4,2013,3_4_2013,03/04/17,92,42828
1077,9,4,2017,9_4_2017,09/04/17,98,42834
1079,3,4,2013,3_4_2013,03/04/17,92,42828
1080,3,4,2013,3_4_2013,03/04/17,92,42828
1081,3,4,2013,3_4_2013,03/04/17,92,42828
1084,4,4,2013,4_4_2013,04/04/17,93,42829
1084,8,4,2013,8_4_2013,08/04/17,97,42833
1085,4,4,2013,4_4_2013,04/04/17,93,42829
1086,4,4,2013,4_4_2013,04/04/17,93,42829
1087,3,4,2013,3_4_2013,03/04/17,92,42828
1089,8,4,2013,8_4_2013,08/04/17,97,42833
1090,8,4,2013,8_4_2013,08/04/17,97,42833
1092,8,4,2013,8_4_2013,08/04/17,97,42833
1093,8,4,2013,8_4_2013,08/04/17,97,42833
1094,8,4,2013,8_4_2013,08/04/17,97,42833
1094,3,4,2015,3_4_2015,03/04/17,92,42828
1099,8,4,2013,8_4_2013,08/04/17,97,42833
1100,9,4,2013,9_4_2013,09/04/17,98,42834
1101,9,4,2013,9_4_2013,09/04/17,98,42834
1103,9,4,2013,9_4_2013,09/04/17,98,42834
1107,9,4,2013,9_4_2013,09/04/17,98,42834
1107,10,4,2013,10_4_2013,10/04/17,99,42835
1111,9,4,2013,9_4_2013,09/04/17,98,42834
1112,9,4,2013,9_4_2013,09/04/17,98,42834
1113,9,4,2013,9_4_2013,09/04/17,98,42834
1114,9,4,2013,9_4_2013,09/04/17,98,42834
1115,9,4,2013,9_4_2013,09/04/17,98,42834
1116,9,4,2013,9_4_2013,09/04/17,98,42834
1117,10,4,2013,10_4_2013,10/04/17,99,42835
1120,10,4,2013,10_4_2013,10/04/17,99,42835
1121,10,4,2013,10_4_2013,10/04/17,99,42835
1122,10,4,2013,10_4_2013,10/04/17,99,42835
1123,10,4,2013,10_4_2013,10/04/17,99,42835
1123,11,4,2013,11_4_2013,11/04/17,100,42836
1126,10,4,2013,10_4_2013,10/04/17,99,42835
1126,12,4,2014,12_4_2014,12/04/17,101,42837
1127,10,4,2013,10_4_2013,10/04/17,99,42835
1129,10,4,2013,10_4_2013,10/04/17,99,42835
1130,10,4,2013,10_4_2013,10/04/17,99,42835
1130,7,4,2014,7_4_2014,07/04/17,96,42832
1131,11,4,2013,11_4_2013,11/04/17,100,42836
1132,10,4,2013,10_4_2013,10/04/17,99,42835
1132,11,4,2013,11_4_2013,11/04/17,100,42836
1137,11,4,2013,11_4_2013,11/04/17,100,42836
1137,10,4,2015,10_4_2015,10/04/17,99,42835
1139,11,4,2013,11_4_2013,11/04/17,100,42836
1140,11,4,2013,11_4_2013,11/04/17,100,42836
1141,10,4,2013,10_4_2013,10/04/17,99,42835
1142,10,4,2013,10_4_2013,10/04/17,99,42835
1143,10,4,2013,10_4_2013,10/04/17,99,42835
1144,10,4,2013,10_4_2013,10/04/17,99,42835
1146,11,4,2013,11_4_2013,11/04/17,100,42836
1148,11,4,2013,11_4_2013,11/04/17,100,42836
1150,12,4,2013,12_4_2013,12/04/17,101,42837
1151,12,4,2013,12_4_2013,12/04/17,101,42837
1152,12,4,2013,12_4_2013,12/04/17,101,42837
1153,12,4,2013,12_4_2013,12/04/17,101,42837
1154,12,4,2013,12_4_2013,12/04/17,101,42837
1155,12,4,2013,12_4_2013,12/04/17,101,42837
1156,12,4,2013,12_4_2013,12/04/17,101,42837
1156,12,4,2014,12_4_2014,12/04/17,101,42837
1156,14,4,2014,14_4_2014,14/04/17,103,42839
1157,12,4,2013,12_4_2013,12/04/17,101,42837
1158,12,4,2013,12_4_2013,12/04/17,101,42837
1159,12,4,2013,12_4_2013,12/04/17,101,42837
1160,15,4,2013,15_4_2013,15/04/17,104,42840
1162,15,4,2013,15_4_2013,15/04/17,104,42840
1165,15,4,2013,15_4_2013,15/04/17,104,42840
1165,8,4,2015,8_4_2015,08/04/17,97,42833
1167,15,4,2013,15_4_2013,15/04/17,104,42840
1168,15,4,2013,15_4_2013,15/04/17,104,42840
1169,15,4,2013,15_4_2013,15/04/17,104,42840
1173,18,4,2013,18_4_2013,18/04/17,107,42843
1173,21,4,2013,21_4_2013,21/04/17,110,42846
1176,18,4,2013,18_4_2013,18/04/17,107,42843
1177,18,4,2013,18_4_2013,18/04/17,107,42843
1178,18,4,2013,18_4_2013,18/04/17,107,42843
1180,18,4,2013,18_4_2013,18/04/17,107,42843
1181,18,4,2013,18_4_2013,18/04/17,107,42843
1181,19,4,2013,19_4_2013,19/04/17,108,42844
1181,11,4,2015,11_4_2015,11/04/17,100,42836
1181,23,3,2016,23_3_2016,23/03/17,81,42817
1181,19,4,2016,19_4_2016,19/04/17,108,42844
1182,19,4,2013,19_4_2013,19/04/17,108,42844
1182,27,4,2016,27_4_2016,27/04/17,116,42852
1182,2,5,2016,2_5_2016,02/05/17,121,42857
1182,3,5,2016,3_5_2016,03/05/17,122,42858
1183,19,4,2013,19_4_2013,19/04/17,108,42844
1184,19,4,2013,19_4_2013,19/04/17,108,42844
1185,19,4,2013,19_4_2013,19/04/17,108,42844
1185,12,4,2014,12_4_2014,12/04/17,101,42837
1185,15,4,2015,15_4_2015,15/04/17,104,42840
1187,19,4,2013,19_4_2013,19/04/17,108,42844
1188,19,4,2013,19_4_2013,19/04/17,108,42844
1188,20,4,2013,20_4_2013,20/04/17,109,42845
1188,21,4,2013,21_4_2013,21/04/17,110,42846
1189,19,4,2013,19_4_2013,19/04/17,108,42844
1190,19,4,2013,19_4_2013,19/04/17,108,42844
1191,19,4,2013,19_4_2013,19/04/17,108,42844
1192,19,4,2013,19_4_2013,19/04/17,108,42844
1193,19,4,2013,19_4_2013,19/04/17,108,42844
1193,21,4,2013,21_4_2013,21/04/17,110,42846
1194,19,4,2013,19_4_2013,19/04/17,108,42844
1195,19,4,2013,19_4_2013,19/04/17,108,42844
1196,19,4,2013,19_4_2013,19/04/17,108,42844
1196,12,4,2014,12_4_2014,12/04/17,101,42837
1197,19,4,2013,19_4_2013,19/04/17,108,42844
1197,11,4,2014,11_4_2014,11/04/17,100,42836
1197,8,3,2017,8_3_2017,08/03/17,66,42802
1199,19,4,2013,19_4_2013,19/04/17,108,42844
1199,20,4,2013,20_4_2013,20/04/17,109,42845
1199,21,4,2013,21_4_2013,21/04/17,110,42846
1200,20,4,2013,20_4_2013,20/04/17,109,42845
1202,21,4,2013,21_4_2013,21/04/17,110,42846
1203,21,4,2013,21_4_2013,21/04/17,110,42846
1204,21,4,2013,21_4_2013,21/04/17,110,42846
1211,21,4,2013,21_4_2013,21/04/17,110,42846
1213,21,4,2013,21_4_2013,21/04/17,110,42846
1214,21,4,2013,21_4_2013,21/04/17,110,42846
1215,21,4,2013,21_4_2013,21/04/17,110,42846
1215,23,4,2017,23_4_2017,23/04/17,112,42848
1226,22,4,2013,22_4_2013,22/04/17,111,42847
1226,7,4,2014,7_4_2014,07/04/17,96,42832
1226,8,4,2014,8_4_2014,08/04/17,97,42833
1227,7,4,2013,7_4_2013,07/04/17,96,42832
1227,21,4,2013,21_4_2013,21/04/17,110,42846
1228,27,4,2013,27_4_2013,27/04/17,116,42852
1228,1,5,2013,1_5_2013,01/05/17,120,42856
1228,19,4,2014,19_4_2014,19/04/17,108,42844
1229,27,4,2013,27_4_2013,27/04/17,116,42852
1229,22,4,2015,22_4_2015,22/04/17,111,42847
1229,23,4,2015,23_4_2015,23/04/17,112,42848
1229,2,5,2016,2_5_2016,02/05/17,121,42857
1229,9,5,2016,9_5_2016,09/05/17,128,42864
1229,22,4,2017,22_4_2017,22/04/17,111,42847
1230,27,4,2013,27_4_2013,27/04/17,116,42852
1230,23,4,2015,23_4_2015,23/04/17,112,42848
1231,30,4,2013,30_4_2013,30/04/17,119,42855
1232,30,4,2013,30_4_2013,30/04/17,119,42855
1233,1,5,2015,1_5_2015,01/05/17,120,42856
1234,5,5,2013,5_5_2013,05/05/17,124,42860
1235,5,5,2013,5_5_2013,05/05/17,124,42860
1236,5,5,2013,5_5_2013,05/05/17,124,42860
1237,5,5,2013,5_5_2013,05/05/17,124,42860
1238,5,5,2013,5_5_2013,05/05/17,124,42860
1300,20,1,2014,20_1_2014,20/01/17,19,42755
1300,23,1,2014,23_1_2014,23/01/17,22,42758
1300,25,1,2014,25_1_2014,25/01/17,24,42760
1300,1,2,2014,1_2_2014,01/02/17,31,42767
1300,10,3,2016,10_3_2016,10/03/17,68,42804
1301,1,2,2014,1_2_2014,01/02/17,31,42767
1302,1,2,2014,1_2_2014,01/02/17,31,42767
1303,1,2,2014,1_2_2014,01/02/17,31,42767
1304,1,2,2014,1_2_2014,01/02/17,31,42767
1305,4,2,2014,4_2_2014,04/02/17,34,42770
1306,8,2,2014,8_2_2014,08/02/17,38,42774
1307,18,2,2014,18_2_2014,18/02/17,48,42784
1308,18,2,2014,18_2_2014,18/02/17,48,42784
1309,5,3,2014,5_3_2014,05/03/17,63,42799
1310,5,3,2014,5_3_2014,05/03/17,63,42799
1311,5,3,2014,5_3_2014,05/03/17,63,42799
1312,15,3,2014,15_3_2014,15/03/17,73,42809
1314,15,3,2014,15_3_2014,15/03/17,73,42809
1316,15,3,2014,15_3_2014,15/03/17,73,42809
1317,15,3,2014,15_3_2014,15/03/17,73,42809
1318,15,3,2014,15_3_2014,15/03/17,73,42809
1318,16,3,2014,16_3_2014,16/03/17,74,42810
1319,15,3,2014,15_3_2014,15/03/17,73,42809
1320,15,3,2014,15_3_2014,15/03/17,73,42809
1322,16,3,2014,16_3_2014,16/03/17,74,42810
1324,16,3,2014,16_3_2014,16/03/17,74,42810
1325,16,3,2014,16_3_2014,16/03/17,74,42810
1326,16,3,2014,16_3_2014,16/03/17,74,42810
1327,15,3,2014,15_3_2014,15/03/17,73,42809
1327,16,3,2014,16_3_2014,16/03/17,74,42810
1327,22,3,2015,22_3_2015,22/03/17,80,42816
1328,16,3,2014,16_3_2014,16/03/17,74,42810
1329,16,3,2014,16_3_2014,16/03/17,74,42810
1332,15,3,2014,15_3_2014,15/03/17,73,42809
1334,16,3,2014,16_3_2014,16/03/17,74,42810
1335,16,3,2014,16_3_2014,16/03/17,74,42810
1336,20,3,2014,20_3_2014,20/03/17,78,42814
1337,20,3,2014,20_3_2014,20/03/17,78,42814
1337,22,3,2014,22_3_2014,22/03/17,80,42816
1338,20,3,2014,20_3_2014,20/03/17,78,42814
1340,20,3,2014,20_3_2014,20/03/17,78,42814
1341,20,3,2014,20_3_2014,20/03/17,78,42814
1341,31,3,2017,31_3_2017,31/03/17,89,42825
1342,22,3,2014,22_3_2014,22/03/17,80,42816
1343,22,3,2014,22_3_2014,22/03/17,80,42816
1344,22,3,2014,22_3_2014,22/03/17,80,42816
1345,22,3,2014,22_3_2014,22/03/17,80,42816
1346,22,3,2014,22_3_2014,22/03/17,80,42816
1347,22,3,2014,22_3_2014,22/03/17,80,42816
1348,22,3,2014,22_3_2014,22/03/17,80,42816
1349,5,4,2014,5_4_2014,05/04/17,94,42830
1350,5,4,2014,5_4_2014,05/04/17,94,42830
1350,8,4,2015,8_4_2015,08/04/17,97,42833
1351,5,4,2014,5_4_2014,05/04/17,94,42830
1352,7,4,2014,7_4_2014,07/04/17,96,42832
1354,7,4,2014,7_4_2014,07/04/17,96,42832
1356,7,4,2014,7_4_2014,07/04/17,96,42832
1358,7,4,2014,7_4_2014,07/04/17,96,42832
1360,7,4,2014,7_4_2014,07/04/17,96,42832
1361,7,4,2014,7_4_2014,07/04/17,96,42832
1363,11,4,2014,11_4_2014,11/04/17,100,42836
1367,11,4,2014,11_4_2014,11/04/17,100,42836
1370,12,4,2014,12_4_2014,12/04/17,101,42837
1371,12,4,2014,12_4_2014,12/04/17,101,42837
1372,12,4,2014,12_4_2014,12/04/17,101,42837
1374,12,4,2014,12_4_2014,12/04/17,101,42837
1375,11,4,2014,11_4_2014,11/04/17,100,42836
1375,12,4,2014,12_4_2014,12/04/17,101,42837
1375,10,4,2015,10_4_2015,10/04/17,99,42835
1377,12,4,2014,12_4_2014,12/04/17,101,42837
1379,12,4,2014,12_4_2014,12/04/17,101,42837
1382,12,4,2014,12_4_2014,12/04/17,101,42837
1386,12,4,2014,12_4_2014,12/04/17,101,42837
1393,7,4,2014,7_4_2014,07/04/17,96,42832
1393,12,4,2014,12_4_2014,12/04/17,101,42837
1394,12,4,2014,12_4_2014,12/04/17,101,42837
1394,10,4,2015,10_4_2015,10/04/17,99,42835
1394,12,4,2015,12_4_2015,12/04/17,101,42837
1394,4,4,2017,4_4_2017,04/04/17,93,42829
1398,12,4,2014,12_4_2014,12/04/17,101,42837
1404,12,4,2014,12_4_2014,12/04/17,101,42837
1406,12,4,2014,12_4_2014,12/04/17,101,42837
1407,13,4,2014,13_4_2014,13/04/17,102,42838
1408,13,4,2014,13_4_2014,13/04/17,102,42838
1409,13,4,2014,13_4_2014,13/04/17,102,42838
1410,13,4,2014,13_4_2014,13/04/17,102,42838
1412,13,4,2014,13_4_2014,13/04/17,102,42838
1413,13,4,2014,13_4_2014,13/04/17,102,42838
1414,12,4,2014,12_4_2014,12/04/17,101,42837
1415,13,4,2014,13_4_2014,13/04/17,102,42838
1417,12,4,2014,12_4_2014,12/04/17,101,42837
1419,19,4,2014,19_4_2014,19/04/17,108,42844
1419,10,4,2015,10_4_2015,10/04/17,99,42835
1420,19,4,2014,19_4_2014,19/04/17,108,42844
1421,19,4,2014,19_4_2014,19/04/17,108,42844
1422,19,4,2014,19_4_2014,19/04/17,108,42844
1423,19,4,2014,19_4_2014,19/04/17,108,42844
1425,19,4,2014,19_4_2014,19/04/17,108,42844
1426,23,3,2014,23_3_2014,23/03/17,81,42817
1427,1,5,2014,1_5_2014,01/05/17,120,42856
1427,29,4,2017,29_4_2017,29/04/17,118,42854
1428,23,3,2014,23_3_2014,23/03/17,81,42817
1429,23,3,2014,23_3_2014,23/03/17,81,42817
1430,8,5,2014,8_5_2014,08/05/17,127,42863
1430,11,5,2014,11_5_2014,11/05/17,130,42866
1431,8,5,2014,8_5_2014,08/05/17,127,42863
1432,12,5,2014,12_5_2014,12/05/17,131,42867
1432,6,5,2015,6_5_2015,06/05/17,125,42861
1434,22,3,2013,22_3_2013,22/03/17,80,42816
1435,22,3,2013,22_3_2013,22/03/17,80,42816
1438,7,4,2014,7_4_2014,07/04/17,96,42832
1439,7,4,2014,7_4_2014,07/04/17,96,42832
1440,7,4,2014,7_4_2014,07/04/17,96,42832
1441,20,3,2015,20_3_2015,20/03/17,78,42814
1442,12,4,2014,12_4_2014,12/04/17,101,42837
1450,2,1,2015,2_1_2015,02/01/17,1,42737
1451,21,1,2015,21_1_2015,21/01/17,20,42756
1451,22,3,2015,22_3_2015,22/03/17,80,42816
1452,21,1,2015,21_1_2015,21/01/17,20,42756
1453,21,1,2015,21_1_2015,21/01/17,20,42756
1454,21,1,2015,21_1_2015,21/01/17,20,42756
1455,21,1,2015,21_1_2015,21/01/17,20,42756
1457,30,1,2015,30_1_2015,30/01/17,29,42765
1458,30,1,2015,30_1_2015,30/01/17,29,42765
1459,30,1,2015,30_1_2015,30/01/17,29,42765
1460,8,2,2015,8_2_2015,08/02/17,38,42774
1461,8,2,2015,8_2_2015,08/02/17,38,42774
1462,8,2,2015,8_2_2015,08/02/17,38,42774
1463,9,2,2015,9_2_2015,09/02/17,39,42775
1464,22,2,2015,22_2_2015,22/02/17,52,42788
1465,22,2,2015,22_2_2015,22/02/17,52,42788
1466,22,2,2015,22_2_2015,22/02/17,52,42788
1467,23,2,2015,23_2_2015,23/02/17,53,42789
1468,23,2,2015,23_2_2015,23/02/17,53,42789
1469,28,2,2015,28_2_2015,28/02/17,58,42794
1470,2,3,2015,2_3_2015,02/03/17,60,42796
1471,2,3,2015,2_3_2015,02/03/17,60,42796
1472,2,3,2015,2_3_2015,02/03/17,60,42796
1473,2,3,2015,2_3_2015,02/03/17,60,42796
1474,2,3,2015,2_3_2015,02/03/17,60,42796
1475,8,3,2015,8_3_2015,08/03/17,66,42802
1475,9,3,2015,9_3_2015,09/03/17,67,42803
1475,10,3,2015,10_3_2015,10/03/17,68,42804
1477,10,3,2015,10_3_2015,10/03/17,68,42804
1478,10,3,2015,10_3_2015,10/03/17,68,42804
1479,8,3,2015,8_3_2015,08/03/17,66,42802
1479,10,4,2015,10_4_2015,10/04/17,99,42835
1480,9,3,2015,9_3_2015,09/03/17,67,42803
1481,9,3,2015,9_3_2015,09/03/17,67,42803
1482,9,3,2015,9_3_2015,09/03/17,67,42803
1483,9,3,2015,9_3_2015,09/03/17,67,42803
1486,9,3,2015,9_3_2015,09/03/17,67,42803
1486,10,3,2015,10_3_2015,10/03/17,68,42804
1486,22,4,2016,22_4_2016,22/04/17,111,42847
1488,9,3,2015,9_3_2015,09/03/17,67,42803
1489,10,3,2015,10_3_2015,10/03/17,68,42804
1490,10,3,2015,10_3_2015,10/03/17,68,42804
1491,10,3,2015,10_3_2015,10/03/17,68,42804
1492,10,3,2015,10_3_2015,10/03/17,68,42804
1494,10,3,2015,10_3_2015,10/03/17,68,42804
1495,10,3,2015,10_3_2015,10/03/17,68,42804
1497,10,3,2015,10_3_2015,10/03/17,68,42804
1498,10,3,2015,10_3_2015,10/03/17,68,42804
1501,10,3,2015,10_3_2015,10/03/17,68,42804
1502,14,3,2015,14_3_2015,14/03/17,72,42808
1503,14,3,2015,14_3_2015,14/03/17,72,42808
1504,11,3,2015,11_3_2015,11/03/17,69,42805
1505,9,3,2015,9_3_2015,09/03/17,67,42803
1506,9,3,2015,9_3_2015,09/03/17,67,42803
1509,8,3,2015,8_3_2015,08/03/17,66,42802
1510,8,3,2015,8_3_2015,08/03/17,66,42802
1511,19,3,2015,19_3_2015,19/03/17,77,42813
1512,19,3,2015,19_3_2015,19/03/17,77,42813
1513,9,3,2015,9_3_2015,09/03/17,67,42803
1520,20,3,2015,20_3_2015,20/03/17,78,42814
1521,20,3,2015,20_3_2015,20/03/17,78,42814
1522,20,3,2015,20_3_2015,20/03/17,78,42814
1523,20,3,2015,20_3_2015,20/03/17,78,42814
1524,20,3,2015,20_3_2015,20/03/17,78,42814
1526,20,3,2015,20_3_2015,20/03/17,78,42814
1528,20,3,2015,20_3_2015,20/03/17,78,42814
1529,20,3,2015,20_3_2015,20/03/17,78,42814
1532,20,3,2015,20_3_2015,20/03/17,78,42814
1532,27,3,2016,27_3_2016,27/03/17,85,42821
1536,20,3,2015,20_3_2015,20/03/17,78,42814
1537,20,3,2015,20_3_2015,20/03/17,78,42814
1539,20,3,2015,20_3_2015,20/03/17,78,42814
1540,20,3,2015,20_3_2015,20/03/17,78,42814
1546,20,3,2015,20_3_2015,20/03/17,78,42814
1549,20,3,2015,20_3_2015,20/03/17,78,42814
1549,17,1,2017,17_1_2017,17/01/17,16,42752
1550,20,3,2015,20_3_2015,20/03/17,78,42814
1552,20,3,2015,20_3_2015,20/03/17,78,42814
1553,20,3,2015,20_3_2015,20/03/17,78,42814
1554,20,3,2015,20_3_2015,20/03/17,78,42814
1560,22,3,2015,22_3_2015,22/03/17,80,42816
1561,22,3,2015,22_3_2015,22/03/17,80,42816
1562,22,3,2015,22_3_2015,22/03/17,80,42816
1563,22,3,2015,22_3_2015,22/03/17,80,42816
1564,22,3,2015,22_3_2015,22/03/17,80,42816
1565,22,3,2015,22_3_2015,22/03/17,80,42816
1567,22,3,2015,22_3_2015,22/03/17,80,42816
1568,22,3,2015,22_3_2015,22/03/17,80,42816
1569,22,3,2015,22_3_2015,22/03/17,80,42816
1569,23,3,2015,23_3_2015,23/03/17,81,42817
1570,22,3,2015,22_3_2015,22/03/17,80,42816
1570,23,3,2015,23_3_2015,23/03/17,81,42817
1571,22,3,2015,22_3_2015,22/03/17,80,42816
1572,22,3,2015,22_3_2015,22/03/17,80,42816
1576,23,3,2015,23_3_2015,23/03/17,81,42817
1579,23,3,2015,23_3_2015,23/03/17,81,42817
1580,23,3,2015,23_3_2015,23/03/17,81,42817
1581,23,3,2015,23_3_2015,23/03/17,81,42817
1582,23,3,2015,23_3_2015,23/03/17,81,42817
1583,23,3,2015,23_3_2015,23/03/17,81,42817
1585,23,3,2015,23_3_2015,23/03/17,81,42817
1588,23,3,2015,23_3_2015,23/03/17,81,42817
1590,23,3,2015,23_3_2015,23/03/17,81,42817
1591,26,3,2015,26_3_2015,26/03/17,84,42820
1592,26,3,2015,26_3_2015,26/03/17,84,42820
1593,26,3,2015,26_3_2015,26/03/17,84,42820
1594,26,3,2015,26_3_2015,26/03/17,84,42820
1595,26,3,2015,26_3_2015,26/03/17,84,42820
1596,26,3,2015,26_3_2015,26/03/17,84,42820
1597,26,3,2015,26_3_2015,26/03/17,84,42820
1598,26,3,2015,26_3_2015,26/03/17,84,42820
1599,26,3,2015,26_3_2015,26/03/17,84,42820
1600,26,3,2015,26_3_2015,26/03/17,84,42820
1601,10,3,2015,10_3_2015,10/03/17,68,42804
1602,10,3,2015,10_3_2015,10/03/17,68,42804
1603,10,3,2015,10_3_2015,10/03/17,68,42804
1604,23,3,2015,23_3_2015,23/03/17,81,42817
1606,23,3,2015,23_3_2015,23/03/17,81,42817
1607,3,4,2015,3_4_2015,03/04/17,92,42828
1608,3,4,2015,3_4_2015,03/04/17,92,42828
1609,3,4,2015,3_4_2015,03/04/17,92,42828
1610,3,4,2015,3_4_2015,03/04/17,92,42828
1611,3,4,2015,3_4_2015,03/04/17,92,42828
1612,3,4,2015,3_4_2015,03/04/17,92,42828
1613,3,4,2015,3_4_2015,03/04/17,92,42828
1613,14,4,2016,14_4_2016,14/04/17,103,42839
1614,3,4,2015,3_4_2015,03/04/17,92,42828
1616,3,4,2015,3_4_2015,03/04/17,92,42828
1618,3,4,2015,3_4_2015,03/04/17,92,42828
1625,3,4,2015,3_4_2015,03/04/17,92,42828
1626,3,4,2015,3_4_2015,03/04/17,92,42828
1627,3,4,2015,3_4_2015,03/04/17,92,42828
1629,3,4,2015,3_4_2015,03/04/17,92,42828
1630,3,4,2015,3_4_2015,03/04/17,92,42828
1631,3,4,2015,3_4_2015,03/04/17,92,42828
1632,3,4,2015,3_4_2015,03/04/17,92,42828
1633,3,4,2015,3_4_2015,03/04/17,92,42828
1634,3,4,2015,3_4_2015,03/04/17,92,42828
1635,3,4,2015,3_4_2015,03/04/17,92,42828
1636,3,4,2015,3_4_2015,03/04/17,92,42828
1637,3,4,2015,3_4_2015,03/04/17,92,42828
1638,2,4,2015,2_4_2015,02/04/17,91,42827
1639,7,4,2015,7_4_2015,07/04/17,96,42832
1640,7,4,2015,7_4_2015,07/04/17,96,42832
1662,8,4,2015,8_4_2015,08/04/17,97,42833
1666,8,4,2015,8_4_2015,08/04/17,97,42833
1667,8,4,2015,8_4_2015,08/04/17,97,42833
1667,29,12,2015,29_12_2015,29/12/17,362,43098
1671,8,4,2015,8_4_2015,08/04/17,97,42833
1671,9,4,2015,9_4_2015,09/04/17,98,42834
1672,8,4,2015,8_4_2015,08/04/17,97,42833
1673,9,4,2015,9_4_2015,09/04/17,98,42834
1673,10,4,2015,10_4_2015,10/04/17,99,42835
1674,8,4,2015,8_4_2015,08/04/17,97,42833
1677,8,4,2015,8_4_2015,08/04/17,97,42833
1678,8,4,2015,8_4_2015,08/04/17,97,42833
1679,8,4,2015,8_4_2015,08/04/17,97,42833
1679,9,4,2015,9_4_2015,09/04/17,98,42834
1681,8,4,2015,8_4_2015,08/04/17,97,42833
1682,8,4,2015,8_4_2015,08/04/17,97,42833
1683,8,4,2015,8_4_2015,08/04/17,97,42833
1684,8,4,2015,8_4_2015,08/04/17,97,42833
1686,8,4,2015,8_4_2015,08/04/17,97,42833
1689,8,4,2015,8_4_2015,08/04/17,97,42833
1689,11,4,2015,11_4_2015,11/04/17,100,42836
1690,8,4,2015,8_4_2015,08/04/17,97,42833
1693,9,4,2015,9_4_2015,09/04/17,98,42834
1696,9,4,2015,9_4_2015,09/04/17,98,42834
1697,9,4,2015,9_4_2015,09/04/17,98,42834
1698,9,4,2015,9_4_2015,09/04/17,98,42834
1699,9,4,2015,9_4_2015,09/04/17,98,42834
1703,9,4,2015,9_4_2015,09/04/17,98,42834
1709,9,4,2015,9_4_2015,09/04/17,98,42834
1711,9,4,2015,9_4_2015,09/04/17,98,42834
1712,9,4,2015,9_4_2015,09/04/17,98,42834
1718,9,4,2015,9_4_2015,09/04/17,98,42834
1719,9,4,2015,9_4_2015,09/04/17,98,42834
1721,9,4,2015,9_4_2015,09/04/17,98,42834
1726,9,4,2015,9_4_2015,09/04/17,98,42834
1733,9,4,2015,9_4_2015,09/04/17,98,42834
1736,9,4,2015,9_4_2015,09/04/17,98,42834
1739,9,4,2015,9_4_2015,09/04/17,98,42834
1740,10,4,2015,10_4_2015,10/04/17,99,42835
1741,9,4,2015,9_4_2015,09/04/17,98,42834
1745,10,4,2015,10_4_2015,10/04/17,99,42835
1746,9,4,2015,9_4_2015,09/04/17,98,42834
1747,10,4,2015,10_4_2015,10/04/17,99,42835
1753,10,4,2015,10_4_2015,10/04/17,99,42835
1757,10,4,2015,10_4_2015,10/04/17,99,42835
1759,10,4,2015,10_4_2015,10/04/17,99,42835
1759,4,4,2017,4_4_2017,04/04/17,93,42829
1763,10,4,2015,10_4_2015,10/04/17,99,42835
1765,10,4,2015,10_4_2015,10/04/17,99,42835
1766,10,4,2015,10_4_2015,10/04/17,99,42835
1773,10,4,2015,10_4_2015,10/04/17,99,42835
1780,8,4,2015,8_4_2015,08/04/17,97,42833
1781,8,4,2015,8_4_2015,08/04/17,97,42833
1782,8,4,2015,8_4_2015,08/04/17,97,42833
1783,8,4,2015,8_4_2015,08/04/17,97,42833
1784,8,4,2015,8_4_2015,08/04/17,97,42833
1785,11,4,2015,11_4_2015,11/04/17,100,42836
1785,25,3,2017,25_3_2017,25/03/17,83,42819
1786,3,4,2015,3_4_2015,03/04/17,92,42828
1787,19,4,2015,19_4_2015,19/04/17,108,42844
1788,19,4,2015,19_4_2015,19/04/17,108,42844
1789,19,4,2015,19_4_2015,19/04/17,108,42844
1791,22,4,2015,22_4_2015,22/04/17,111,42847
1793,23,4,2015,23_4_2015,23/04/17,112,42848
1795,23,4,2015,23_4_2015,23/04/17,112,42848
1800,29,12,2015,29_12_2015,29/12/17,362,43098
1800,8,4,2017,8_4_2017,08/04/17,97,42833
1801,12,1,2016,12_1_2016,12/01/17,11,42747
1802,15,1,2016,15_1_2016,15/01/17,14,42750
1802,16,1,2016,16_1_2016,16/01/17,15,42751
1803,26,1,2016,26_1_2016,26/01/17,25,42761
1805,2,2,2016,2_2_2016,02/02/17,32,42768
1806,2,2,2016,2_2_2016,02/02/17,32,42768
1807,21,2,2016,21_2_2016,21/02/17,51,42787
1808,23,2,2016,23_2_2016,23/02/17,53,42789
1809,29,2,2016,29_2_2016,01/03/17,59,42795
1810,29,2,2016,29_2_2016,01/03/17,59,42795
1811,29,2,2016,29_2_2016,01/03/17,59,42795
1812,10,3,2016,10_3_2016,10/03/17,68,42804
1814,10,3,2016,10_3_2016,10/03/17,68,42804
1815,10,3,2016,10_3_2016,10/03/17,68,42804
1815,12,3,2016,12_3_2016,12/03/17,70,42806
1815,13,3,2016,13_3_2016,13/03/17,71,42807
1816,12,3,2016,12_3_2016,12/03/17,70,42806
1822,13,3,2016,13_3_2016,13/03/17,71,42807
1823,13,3,2016,13_3_2016,13/03/17,71,42807
1824,13,3,2016,13_3_2016,13/03/17,71,42807
1825,13,3,2016,13_3_2016,13/03/17,71,42807
1826,10,3,2016,10_3_2016,10/03/17,68,42804
1829,14,3,2016,14_3_2016,14/03/17,72,42808
1831,13,3,2016,13_3_2016,13/03/17,71,42807
1832,14,3,2016,14_3_2016,14/03/17,72,42808
1832,16,3,2016,16_3_2016,16/03/17,74,42810
1833,14,3,2016,14_3_2016,14/03/17,72,42808
1834,13,3,2016,13_3_2016,13/03/17,71,42807
1834,14,3,2016,14_3_2016,14/03/17,72,42808
1836,14,3,2016,14_3_2016,14/03/17,72,42808
1837,14,3,2016,14_3_2016,14/03/17,72,42808
1838,14,3,2016,14_3_2016,14/03/17,72,42808
1839,19,3,2016,19_3_2016,19/03/17,77,42813
1840,19,3,2016,19_3_2016,19/03/17,77,42813
1841,19,3,2016,19_3_2016,19/03/17,77,42813
1841,25,3,2017,25_3_2017,25/03/17,83,42819
1841,26,3,2017,26_3_2017,26/03/17,84,42820
1842,19,3,2016,19_3_2016,19/03/17,77,42813
1842,21,4,2017,21_4_2017,21/04/17,110,42846
1843,19,3,2016,19_3_2016,19/03/17,77,42813
1844,19,3,2016,19_3_2016,19/03/17,77,42813
1845,23,3,2016,23_3_2016,23/03/17,81,42817
1847,23,3,2016,23_3_2016,23/03/17,81,42817
1847,20,4,2017,20_4_2017,20/04/17,109,42845
1847,22,4,2017,22_4_2017,22/04/17,111,42847
1849,23,3,2016,23_3_2016,23/03/17,81,42817
1853,23,3,2016,23_3_2016,23/03/17,81,42817
1854,23,3,2016,23_3_2016,23/03/17,81,42817
1857,23,3,2016,23_3_2016,23/03/17,81,42817
1859,24,3,2016,24_3_2016,24/03/17,82,42818
1860,24,3,2016,24_3_2016,24/03/17,82,42818
1861,24,3,2016,24_3_2016,24/03/17,82,42818
1862,23,3,2016,23_3_2016,23/03/17,81,42817
1863,24,3,2016,24_3_2016,24/03/17,82,42818
1865,24,3,2016,24_3_2016,24/03/17,82,42818
1866,24,1,2016,24_1_2016,24/01/17,23,42759
1868,23,3,2016,23_3_2016,23/03/17,81,42817
1868,24,3,2016,24_3_2016,24/03/17,82,42818
1869,24,3,2016,24_3_2016,24/03/17,82,42818
1870,24,3,2016,24_3_2016,24/03/17,82,42818
1871,24,3,2016,24_3_2016,24/03/17,82,42818
1872,24,3,2016,24_3_2016,24/03/17,82,42818
1873,27,3,2016,27_3_2016,27/03/17,85,42821
1874,27,3,2016,27_3_2016,27/03/17,85,42821
1875,27,3,2016,27_3_2016,27/03/17,85,42821
1876,27,3,2016,27_3_2016,27/03/17,85,42821
1878,27,3,2016,27_3_2016,27/03/17,85,42821
1881,4,4,2016,4_4_2016,04/04/17,93,42829
1882,4,4,2016,4_4_2016,04/04/17,93,42829
1884,4,4,2016,4_4_2016,04/04/17,93,42829
1885,5,4,2016,5_4_2016,05/04/17,94,42830
1886,5,4,2016,5_4_2016,05/04/17,94,42830
1890,14,4,2016,14_4_2016,14/04/17,103,42839
1892,14,4,2016,14_4_2016,14/04/17,103,42839
1895,14,4,2016,14_4_2016,14/04/17,103,42839
1897,14,4,2016,14_4_2016,14/04/17,103,42839
1908,14,4,2016,14_4_2016,14/04/17,103,42839
1909,14,4,2016,14_4_2016,14/04/17,103,42839
1915,14,4,2016,14_4_2016,14/04/17,103,42839
1917,14,4,2016,14_4_2016,14/04/17,103,42839
1918,14,4,2016,14_4_2016,14/04/17,103,42839
1918,17,4,2016,17_4_2016,17/04/17,106,42842
1918,17,4,2017,17_4_2017,17/04/17,106,42842
1919,14,4,2016,14_4_2016,14/04/17,103,42839
1921,22,4,2016,22_4_2016,22/04/17,111,42847
1922,22,4,2016,22_4_2016,22/04/17,111,42847
1923,22,4,2016,22_4_2016,22/04/17,111,42847
1925,22,4,2016,22_4_2016,22/04/17,111,42847
1925,23,4,2016,23_4_2016,23/04/17,112,42848
1926,27,4,2016,27_4_2016,27/04/17,116,42852
1928,27,4,2016,27_4_2016,27/04/17,116,42852
1928,30,4,2016,30_4_2016,30/04/17,119,42855
1929,27,4,2016,27_4_2016,27/04/17,116,42852
1929,29,4,2016,29_4_2016,29/04/17,118,42854
1929,3,5,2016,3_5_2016,03/05/17,122,42858
1930,27,4,2016,27_4_2016,27/04/17,116,42852
1932,27,4,2016,27_4_2016,27/04/17,116,42852
1939,29,4,2016,29_4_2016,29/04/17,118,42854
1945,2,5,2016,2_5_2016,02/05/17,121,42857
1949,10,5,2016,10_5_2016,10/05/17,129,42865
1950,14,3,2016,14_3_2016,14/03/17,72,42808
1982,30,4,2016,30_4_2016,30/04/17,119,42855
2000,14,1,2017,14_1_2017,14/01/17,13,42749
2002,15,1,2017,15_1_2017,15/01/17,14,42750
2003,15,1,2017,15_1_2017,15/01/17,14,42750
2004,15,1,2017,15_1_2017,15/01/17,14,42750
2006,17,1,2017,17_1_2017,17/01/17,16,42752
2007,17,1,2017,17_1_2017,17/01/17,16,42752
2008,17,1,2017,17_1_2017,17/01/17,16,42752
2009,20,2,2017,20_2_2017,20/02/17,50,42786
2010,20,2,2017,20_2_2017,20/02/17,50,42786
2011,23,2,2017,23_2_2017,23/02/17,53,42789
2012,23,2,2017,23_2_2017,23/02/17,53,42789
2013,23,2,2017,23_2_2017,23/02/17,53,42789
2013,13,3,2017,13_3_2017,13/03/17,71,42807
2014,23,2,2017,23_2_2017,23/02/17,53,42789
2014,13,3,2017,13_3_2017,13/03/17,71,42807
2015,8,3,2017,8_3_2017,08/03/17,66,42802
2016,8,3,2016,8_3_2016,08/03/17,66,42802
2016,8,3,2017,8_3_2017,08/03/17,66,42802
2017,8,3,2017,8_3_2017,08/03/17,66,42802
2018,8,3,2017,8_3_2017,08/03/17,66,42802
2019,8,3,2017,8_3_2017,08/03/17,66,42802
2020,12,3,2017,12_3_2017,12/03/17,70,42806
2022,11,3,2017,11_3_2017,11/03/17,69,42805
2023,12,3,2017,12_3_2017,12/03/17,70,42806
2026,13,3,2017,13_3_2017,13/03/17,71,42807
2027,13,3,2017,13_3_2017,13/03/17,71,42807
2028,13,3,2017,13_3_2017,13/03/17,71,42807
2029,13,3,2017,13_3_2017,13/03/17,71,42807
2030,13,3,2017,13_3_2017,13/03/17,71,42807
2031,13,3,2017,13_3_2017,13/03/17,71,42807
2032,13,3,2017,13_3_2017,13/03/17,71,42807
2033,13,3,2017,13_3_2017,13/03/17,71,42807
2034,13,3,2017,13_3_2017,13/03/17,71,42807
2035,13,3,2017,13_3_2017,13/03/17,71,42807
2036,13,3,2017,13_3_2017,13/03/17,71,42807
2037,13,3,2017,13_3_2017,13/03/17,71,42807
2038,13,3,2017,13_3_2017,13/03/17,71,42807
2039,13,3,2017,13_3_2017,13/03/17,71,42807
2045,13,3,2017,13_3_2017,13/03/17,71,42807
2046,18,3,2017,18_3_2017,18/03/17,76,42812
2047,18,3,2017,18_3_2017,18/03/17,76,42812
2048,18,3,2017,18_3_2017,18/03/17,76,42812
2049,18,3,2017,18_3_2017,18/03/17,76,42812
2050,18,3,2017,18_3_2017,18/03/17,76,42812
2051,18,3,2017,18_3_2017,18/03/17,76,42812
2052,18,3,2017,18_3_2017,18/03/17,76,42812
2053,18,3,2017,18_3_2017,18/03/17,76,42812
2054,18,3,2017,18_3_2017,18/03/17,76,42812
2056,18,3,2017,18_3_2017,18/03/17,76,42812
2057,18,3,2017,18_3_2017,18/03/17,76,42812
2058,18,3,2017,18_3_2017,18/03/17,76,42812
2059,18,3,2017,18_3_2017,18/03/17,76,42812
2061,18,3,2017,18_3_2017,18/03/17,76,42812
2062,25,3,2017,25_3_2017,25/03/17,83,42819
2063,25,3,2017,25_3_2017,25/03/17,83,42819
2064,25,3,2017,25_3_2017,25/03/17,83,42819
2065,25,3,2017,25_3_2017,25/03/17,83,42819
2066,25,3,2017,25_3_2017,25/03/17,83,42819
2067,25,3,2017,25_3_2017,25/03/17,83,42819
2068,25,3,2017,25_3_2017,25/03/17,83,42819
2069,25,3,2017,25_3_2017,25/03/17,83,42819
2070,25,3,2017,25_3_2017,25/03/17,83,42819
2071,25,3,2017,25_3_2017,25/03/17,83,42819
2071,26,3,2017,26_3_2017,26/03/17,84,42820
2072,26,3,2017,26_3_2017,26/03/17,84,42820
2073,26,3,2017,26_3_2017,26/03/17,84,42820
2074,26,3,2017,26_3_2017,26/03/17,84,42820
2075,26,3,2017,26_3_2017,26/03/17,84,42820
2076,26,3,2017,26_3_2017,26/03/17,84,42820
2077,26,3,2017,26_3_2017,26/03/17,84,42820
2078,26,3,2017,26_3_2017,26/03/17,84,42820
2079,26,3,2017,26_3_2017,26/03/17,84,42820
2080,26,3,2017,26_3_2017,26/03/17,84,42820
2082,26,3,2017,26_3_2017,26/03/17,84,42820
2083,26,3,2017,26_3_2017,26/03/17,84,42820
2084,26,3,2017,26_3_2017,26/03/17,84,42820
2085,26,3,2017,26_3_2017,26/03/17,84,42820
2086,26,3,2017,26_3_2017,26/03/17,84,42820
2087,26,3,2017,26_3_2017,26/03/17,84,42820
2088,28,3,2017,28_3_2017,28/03/17,86,42822
2089,28,3,2017,28_3_2017,28/03/17,86,42822
2090,28,3,2017,28_3_2017,28/03/17,86,42822
2091,18,3,2017,18_3_2017,18/03/17,76,42812
2092,29,3,2017,29_3_2017,29/03/17,87,42823
2093,29,3,2017,29_3_2017,29/03/17,87,42823
2094,29,3,2017,29_3_2017,29/03/17,87,42823
2095,29,3,2017,29_3_2017,29/03/17,87,42823
2096,25,3,2017,25_3_2017,25/03/17,83,42819
2097,25,3,2017,25_3_2017,25/03/17,83,42819
2098,31,3,2017,31_3_2017,31/03/17,89,42825
2099,31,3,2017,31_3_2017,31/03/17,89,42825
2100,25,3,2017,25_3_2017,25/03/17,83,42819
2101,25,3,2017,25_3_2017,25/03/17,83,42819
2102,26,3,2017,26_3_2017,26/03/17,84,42820
2103,26,3,2017,26_3_2017,26/03/17,84,42820
2104,31,3,2017,31_3_2017,31/03/17,89,42825
2105,4,4,2017,4_4_2017,04/04/17,93,42829
2106,4,4,2017,4_4_2017,04/04/17,93,42829
2107,4,4,2017,4_4_2017,04/04/17,93,42829
2108,6,4,2017,6_4_2017,06/04/17,95,42831
2109,6,4,2017,6_4_2017,06/04/17,95,42831
2110,8,4,2017,8_4_2017,08/04/17,97,42833
2112,8,4,2017,8_4_2017,08/04/17,97,42833
2114,9,4,2017,9_4_2017,09/04/17,98,42834
2115,26,3,2017,26_3_2017,26/03/17,84,42820
2116,16,4,2017,16_4_2017,16/04/17,105,42841
2117,16,4,2017,16_4_2017,16/04/17,105,42841
2119,16,4,2017,16_4_2017,16/04/17,105,42841
2120,16,4,2017,16_4_2017,16/04/17,105,42841
2122,17,4,2017,17_4_2017,17/04/17,106,42842
2123,21,4,2017,21_4_2017,21/04/17,110,42846
2124,21,4,2017,21_4_2017,21/04/17,110,42846
2125,21,4,2017,21_4_2017,21/04/17,110,42846
2125,22,4,2017,22_4_2017,22/04/17,111,42847
2125,23,4,2017,23_4_2017,23/04/17,112,42848
2126,22,4,2017,22_4_2017,22/04/17,111,42847
2128,22,4,2017,22_4_2017,22/04/17,111,42847
2129,22,4,2017,22_4_2017,22/04/17,111,42847
2130,23,4,2017,23_4_2017,23/04/17,112,42848
2131,23,4,2017,23_4_2017,23/04/17,112,42848
2132,23,4,2017,23_4_2017,23/04/17,112,42848
2133,23,4,2017,23_4_2017,23/04/17,112,42848
2134,23,4,2017,23_4_2017,23/04/17,112,42848
2136,9,4,2017,9_4_2017,09/04/17,98,42834
2138,9,4,2017,9_4_2017,09/04/17,98,42834
2139,30,4,2017,30_4_2017,30/04/17,119,42855
2140,25,3,2017,25_3_2017,25/03/17,83,42819
2141,25,3,2017,25_3_2017,25/03/17,83,42819
